Agency Name,State Name [District] Latest available year,Agency ID - NCES Assigned [District] Latest available year,Latitude [District] 2017-18,Longitude [District] 2017-18,Total General Revenue (TOTALREV) [District Finance] 2017-18,Total Revenue (TOTALREV) per Pupil (V33) [District Finance] 2017-18,Total Expenditures (TOTALEXP) per Pupil (V33) [District Finance] 2017-18
ABC UNIFIED,California,="0601620",33.879715,-118.071463,265547000,12922,12316
ACALANES UNION HIGH,California,="0601650",37.905787,-122.099170,95322000,16835,15554
ACKERMAN CHARTER,California,="0601680",38.934997,-121.055904,5890000,†,†
ACTON-AGUA DULCE UNIFIED,California,="0600001",34.472708,-118.196768,56618000,3811,3425
ADELANTO ELEMENTARY,California,="0601710",34.572373,-117.406551,111722000,12831,12322
ALAMEDA CNTY. STUDENT EXCHANGE PROG.,California,="0601355",37.658353,-122.097894,–,†,†
ALAMEDA COUNTY OFFICE OF EDUCATION,California,="0691051",37.658227,-122.097227,60798000,19581,13604
ALAMEDA UNIFIED,California,="0601770",37.782150,-122.270091,155969000,13804,14325
ALBANY CITY UNIFIED,California,="0601860",37.884351,-122.299603,75649000,20680,21087
ALEXANDER VALLEY UNION ELEMENTARY,California,="0601890",38.655534,-122.793514,2457000,21181,20043
ALHAMBRA UNIFIED,California,="0600153",34.082200,-118.140400,306238000,18169,17756
ALISAL UNION,California,="0601950",36.676890,-121.621211,130073000,14197,13772
ALLENSWORTH ELEMENTARY,California,="0601980",35.854606,-119.391134,1193000,14549,13866
ALPAUGH UNIFIED,California,="0602010",35.886313,-119.485190,5280000,7003,7314
ALPINE COUNTY OFFICE OF EDUCATION,California,="0691058",38.766563,-119.809131,1509000,†,†
ALPINE COUNTY UNIFIED,California,="0602070",38.766563,-119.809131,3187000,39838,38238
ALPINE UNION ELEMENTARY,California,="0602100",32.824465,-116.774327,20549000,12024,11448
ALTA LOMA ELEMENTARY,California,="0602160",34.121600,-117.600500,69822000,11662,11686
ALTA VISTA ELEMENTARY,California,="0602220",36.057740,-118.966696,7476000,13398,12873
ALTA-DUTCH FLAT UNION ELEMENTARY,California,="0602250",39.206840,-120.811200,1349000,12376,12532
ALUM ROCK UNION ELEMENTARY,California,="0602310",37.369388,-121.833560,166657000,14788,15286
ALVIEW-DAIRYLAND UNION ELEMENTARY,California,="0602360",37.019160,-120.311761,4611000,11673,11590
ALVINA ELEMENTARY,California,="0602370",36.554000,-119.796031,2084000,†,†
ALVORD UNIFIED,California,="0602430",33.886746,-117.514476,261442000,13756,13945
AMADOR COUNTY OFFICE OF EDUCATION,California,="0691001",38.352522,-120.777685,12959000,58638,61054
AMADOR COUNTY ROP,California,="0600089",38.352522,-120.777685,†,†,†
AMADOR COUNTY UNIFIED,California,="0602450",38.352522,-120.777685,46253000,11781,13123
ANAHEIM ELEMENTARY,California,="0602610",33.822900,-117.897700,267621000,14942,14187
ANAHEIM UNION HIGH,California,="0602630",33.837100,-117.946700,431666000,14048,13762
ANDERSON UNION HIGH,California,="0602700",40.443465,-122.305372,24497000,13770,13936
ANDERSON VALLEY UNIFIED,California,="0602730",39.029588,-123.387201,9668000,19811,18723
ANTELOPE ELEMENTARY,California,="0602760",40.186169,-122.193901,9748000,11605,10950
ANTELOPE VALLEY ROP,California,="0600112",34.557365,-118.106652,†,†,†
ANTELOPE VALLEY SCHOOLS TRANSPORTATION AGENCY,California,="0601363",34.653000,-118.143100,15676000,†,†
ANTELOPE VALLEY UNION HIGH,California,="0602820",34.696985,-118.137757,334911000,14737,14681
ANTIOCH UNIFIED,California,="0602850",38.014400,-121.813800,217746000,12635,13873
APPLE VALLEY UNIFIED,California,="0600017",34.479834,-117.189595,167646000,11630,9402
ARCADIA UNIFIED,California,="0602970",34.138167,-118.023436,127250000,13451,13552
ARCATA ELEMENTARY,California,="0603000",40.856448,-124.066866,14642000,13470,14093
ARCOHE UNION ELEMENTARY,California,="0603060",38.295280,-121.242087,5320000,11641,10545
ARENA UNION ELEMENTARY,California,="0603090",38.913200,-123.693600,†,†,†
ARENA UNION ELEMENTARY/POINT ARENA JOINT UNION HIGH,California,="0601325",38.913200,-123.693600,10042000,22217,19524
ARMONA UNION ELEMENTARY,California,="0603180",36.312100,-119.707000,16885000,11541,9889
AROMAS - SAN JUAN UNIFIED,California,="0691136",36.880400,-121.556041,15667000,14230,12258
ARVIN UNION,California,="0603270",35.209000,-118.832100,46453000,15230,15320
ATASCADERO UNIFIED,California,="0603300",35.492301,-120.665068,60505000,12920,14491
ATWATER ELEMENTARY,California,="0603420",37.347700,-120.611300,66068000,13023,12426
AUBURN UNION ELEMENTARY,California,="0603480",38.906200,-121.073100,27751000,13862,12972
AZUSA UNIFIED,California,="0603600",34.117600,-117.890200,137832000,16667,17268
BAKER VALLEY UNIFIED,California,="0603610",35.275593,-116.076120,3609000,25964,21144
BAKERSFIELD CITY,California,="0603630",35.382603,-118.991159,458017000,14920,14910
BALDWIN PARK UNIFIED,California,="0603690",34.082100,-117.960800,232775000,13943,12149
BALDY VIEW ROP,California,="0600131",34.069690,-117.590621,†,†,†
BALDY VIEW ROP JPA,California,="0601382",34.069498,-117.590747,10623000,†,†
BALLARD ELEMENTARY,California,="0603720",34.639323,-120.113780,2375000,18130,17397
BALLICO-CRESSEY ELEMENTARY,California,="0603750",37.454695,-120.699411,4695000,12793,15120
BANGOR UNION ELEMENTARY,California,="0603780",39.390682,-121.407272,1447000,19039,17395
BANNING UNIFIED,California,="0603840",33.927631,-116.878470,70343000,15542,16042
BANTA ELEMENTARY,California,="0603870",37.755424,-121.374166,8262000,9709,7229
BARSTOW UNIFIED,California,="0604020",34.889602,-117.047169,80011000,12851,14693
BASS LAKE JOINT UNION ELEMENTARY,California,="0604080",37.331423,-119.640776,11107000,12369,11808
BASSETT UNIFIED,California,="0604110",34.053600,-117.971200,64227000,17786,17219
BAYSHORE ELEMENTARY,California,="0604200",37.705349,-122.414198,6661000,17622,34468
BEAR VALLEY UNIFIED,California,="0604230",34.242315,-116.881235,36540000,14681,12812
BEARDSLEY ELEMENTARY,California,="0604260",35.407697,-119.040440,25546000,13389,13851
BEAUMONT UNIFIED,California,="0604290",33.962281,-116.984589,130514000,12626,14449
BELLA VISTA ELEMENTARY,California,="0604350",40.638596,-122.232725,4425000,12571,12236
BELLEVIEW ELEMENTARY,California,="0604500",38.035257,-120.271482,2287000,14851,14052
BELLEVUE UNION,California,="0604380",38.399609,-122.709794,29215000,15835,15124
BELLFLOWER UNIFIED,California,="0604440",33.882541,-118.134340,159984000,13392,13260
BELMONT-REDWOOD SHORES ELEMENTARY,California,="0604530",37.509500,-122.319200,71804000,16606,15501
BELRIDGE ELEMENTARY,California,="0604560",35.445020,-119.763772,697000,17425,29150
BENICIA UNIFIED,California,="0604620",38.055400,-122.161500,59881000,12509,13491
BENNETT VALLEY UNION ELEMENTARY,California,="0604650",38.429510,-122.672982,11157000,10917,11343
BERKELEY UNIFIED,California,="0604740",37.869439,-122.287778,201328000,19471,17532
BERRYESSA UNION ELEMENTARY,California,="0604800",37.402714,-121.849881,85671000,12063,13127
BEVERLY HILLS UNIFIED,California,="0604830",34.062273,-118.410556,110772000,28165,28130
BIG CREEK ELEMENTARY,California,="0604860",37.204370,-119.244900,1586000,26881,23305
BIG LAGOON UNION ELEMENTARY,California,="0604890",41.157230,-124.130500,544000,32000,41941
BIG OAK FLAT-GROVELAND UNIFIED,California,="0691137",37.835238,-120.220711,7135000,24861,21526
BIG PINE UNIFIED,California,="0604950",37.161729,-118.289029,4130000,27351,26212
BIG SPRINGS UNION ELEMENTARY,California,="0604980",41.624431,-122.405570,2309000,12899,10648
BIG SUR UNIFIED,California,="0600031",35.919829,-121.466084,1825000,16009,16298
BIG VALLEY JOINT UNIFIED,California,="0605010",41.121749,-121.139591,2552000,18904,18178
BIGGS UNIFIED,California,="0605040",39.415299,-121.703270,8615000,13696,12781
BISHOP UNIFIED,California,="0601409",37.363080,-118.399281,23480000,12035,11830
BITTERWATER-TULLY ELEMENTARY,California,="0605190",36.376659,-120.997081,541000,15912,14029
BLACK BUTTE UNION ELEMENTARY,California,="0605220",40.518139,-121.934274,3288000,15583,21289
BLACK OAK MINE UNIFIED,California,="0605240",38.909492,-120.831946,15487000,12469,12402
BLAKE ELEMENTARY,California,="0605250",35.703273,-118.837114,230000,17692,16308
BLOCHMAN UNION ELEMENTARY,California,="0605280",34.865540,-120.295000,3893000,2965,1819
BLP SCHS SELF-INC. WORKERS COMPENSATION,California,="0601350",33.896083,-118.158459,–,†,†
BLUE LAKE UNION ELEMENTARY,California,="0605400",40.885247,-123.991399,2405000,13000,13611
BOGUS ELEMENTARY,California,="0605490",41.928060,-122.361821,296000,22769,19462
BOLINAS-STINSON UNION,California,="0605520",37.917320,-122.693469,4608000,50637,50912
BONITA UNIFIED,California,="0605610",34.117600,-117.808300,130265000,12913,12343
BONNY DOON UNION ELEMENTARY,California,="0605640",37.060814,-122.148789,2259000,13446,14036
BONSALL UNIFIED,CALIFORNIA,="0601426",33.287010,-117.219281,32324000,11032,10002
BORREGO SPRINGS UNIFIED,California,="0605700",33.265410,-116.381806,32928000,13479,12700
BRADLEY UNION ELEMENTARY,California,="0605730",35.862783,-120.804957,1598000,5811,4222
BRAWLEY ELEMENTARY,California,="0605790",32.980900,-115.537700,53337000,13401,13262
BRAWLEY UNION HIGH,California,="0605820",32.982573,-115.534090,27115000,14602,14100
BREA-OLINDA UNIFIED,California,="0605880",33.917093,-117.888904,69435000,11668,12448
BRENTWOOD UNION ELEMENTARY,California,="0605910",37.922100,-121.682700,101012000,11163,11536
BRET HARTE UNION HIGH,California,="0605940",38.079000,-120.553600,13411000,19464,18935
BRIDGEVILLE ELEMENTARY,California,="0606000",40.471042,-123.796429,593000,22808,22731
BRIGGS ELEMENTARY,California,="0606030",34.327845,-119.141620,7246000,13199,13308
BRISBANE ELEMENTARY,California,="0606060",37.685200,-122.405000,8647000,18398,17936
BRITTAN ELEMENTARY,California,="0606090",39.162173,-121.747598,4907000,10714,10417
BROWNS ELEMENTARY,California,="0606100",38.946775,-121.523741,1670000,11208,13745
BUCKEYE UNION ELEMENTARY,California,="0606270",38.625709,-121.047999,61969000,10335,10927
BUELLTON UNION ELEMENTARY,California,="0606330",34.621205,-120.207026,12071000,21402,21220
BUENA PARK ELEMENTARY,California,="0606360",33.858900,-118.012700,67832000,14482,15612
BUENA VISTA ELEMENTARY,California,="0606420",36.182449,-119.439030,2609000,12307,11590
BURBANK UNIFIED,California,="0606450",34.165500,-118.324900,202941000,13375,14374
BURLINGAME ELEMENTARY,California,="0606480",37.591720,-122.385791,59496000,16965,15373
BURNT RANCH ELEMENTARY,California,="0606510",40.808949,-123.479719,3207000,36443,32625
BURREL UNION ELEMENTARY,California,="0606540",36.492277,-119.989086,1883000,16094,15573
BURTON ELEMENTARY,California,="0606570",36.070575,-119.070169,59122000,12017,13457
BUTTE COUNTY OFFICE OF EDUCATION,California,="0691002",39.512266,-121.556437,91358000,73028,73201
BUTTE COUNTY ROP,California,="0600090",39.715831,-121.804451,†,†,†
BUTTE VALLEY UNIFIED,California,="0606580",41.963299,-121.925472,5379000,17022,15263
BUTTEVILLE UNION ELEMENTARY,California,="0606690",41.457020,-122.431401,2268000,10957,11444
BUTTONWILLOW UNION ELEMENTARY,California,="0606720",35.400073,-119.475477,5392000,15674,15352
BYRON UNION ELEMENTARY,California,="0606750",37.877655,-121.640514,20599000,8860,9145
CA ADVANCING PATHWAYS FOR STUDENTS IN LOS ANGELES CO JPA,CALIFORNIA,="0601443",33.882541,-118.134340,831000,†,†
CA ADVANCING PATHWAYS FOR STUDENTS IN LOS ANGELES CO ROC/P,CALIFORNIA,="0601440",33.882541,-118.134340,†,†,†
CA SCH FOR THE DEAF-RIVERSIDE (STATE SPECIAL SCHL),California,="0600007",33.943730,-117.379425,†,="0",†
CABRILLO UNIFIED,California,="0606780",37.462390,-122.435601,56026000,17470,18500
CAJON VALLEY UNION,California,="0606810",32.795615,-116.953045,234548000,13504,13427
CALAVERAS COUNTY OFFICE OF EDUCATION,California,="0691003",38.080945,-120.555250,16361000,31831,32700
CALAVERAS UNIFIED,California,="0606870",38.207532,-120.768319,37237000,12975,12855
CALEXICO UNIFIED,California,="0606900",32.676459,-115.482840,128892000,14010,13808
CALIENTE UNION ELEMENTARY,California,="0606960",35.345702,-118.378378,854000,17080,15080
CALIFORNIA EDUCATION AUTHORITY (CEA) HEADQUARTERS,California,="0601422",38.417390,-121.400081,†,="0",†
CALIFORNIA SCHOOL FOR THE BLIND (STATE SPECIAL SCHL),California,="0600002",37.562648,-121.963360,†,="0",†
CALIFORNIA SCHOOL FOR THE DEAF-FREMONT (STATE SPECIAL SCHL),California,="0600003",37.559633,-121.963038,†,="0",†
CALIPATRIA UNIFIED,California,="0606990",33.125409,-115.524205,19076000,16332,16378
CALISTOGA JOINT UNIFIED,California,="0607020",38.583300,-122.581800,18983000,22359,20511
CAMBRIAN,California,="0607140",37.256987,-121.940908,40774000,11354,12770
CAMINO UNION ELEMENTARY,California,="0607170",38.732810,-120.678931,5551000,11912,18448
CAMPBELL UNION,California,="0607200",37.288901,-121.947567,121412000,16636,19845
CAMPBELL UNION HIGH,California,="0607230",37.265200,-121.931500,141707000,17619,19785
CAMPTONVILLE ELEMENTARY,California,="0607260",39.453018,-121.048340,5342000,10727,10494
CANYON ELEMENTARY,California,="0607350",37.830760,-122.166500,991000,13764,14667
CAPAY JOINT UNION ELEMENTARY,California,="0607410",39.797160,-122.084665,2030000,11154,11714
CAPISTRANO UNIFIED,California,="0607440",33.479680,-117.669911,578835000,10795,10472
CARDIFF ELEMENTARY,California,="0607470",33.025002,-117.283333,12716000,18088,16630
CARLSBAD UNIFIED,California,="0607500",33.123600,-117.266600,151243000,13354,15369
CARMEL UNIFIED,California,="0607530",36.542638,-121.896589,64020000,25711,24454
CARPINTERIA UNIFIED,California,="0607560",34.403122,-119.515440,35583000,16137,19302
CARUTHERS UNIFIED,California,="0600067",36.537349,-119.832413,23397000,16136,17099
CASCADE UNION ELEMENTARY,California,="0607680",40.447275,-122.306957,17661000,15783,16845
CASTAIC UNION,California,="0607740",34.441123,-118.626742,31858000,14797,11217
CASTLE ROCK UNION ELEMENTARY,California,="0607770",41.142843,-122.316675,900000,15000,14850
CASTRO VALLEY UNIFIED,California,="0607800",37.707910,-122.071461,143410000,15401,16312
CAYUCOS ELEMENTARY,California,="0607840",35.452502,-120.905130,4143000,21691,21759
CENTER FOR ADVANCED RESEARCH & TECH (CART) JPA,California,="0601351",36.803411,-119.697696,2459000,†,†
CENTER JOINT UNIFIED,California,="0607900",38.721800,-121.392400,60279000,13915,14036
CENTINELA VALLEY UNION HIGH,California,="0607920",33.896131,-118.361842,150872000,20114,17415
CENTRAL CALIF MIGRANT HEAD START JPA,California,="0601376",37.672200,-120.972800,28361000,†,†
CENTRAL CALIFORNIA SCHOOL FINANCE AUTHORITY JPA,California,="0601353",35.283873,-120.650543,133000,†,†
CENTRAL ELEMENTARY,California,="0607950",34.113100,-117.571900,55385000,12159,14225
CENTRAL ORANGE COUNTY CTE PARTNERSHIP (CTEP),California,="0600124",33.667992,-117.880056,†,†,†
CENTRAL SIERRA ROP,California,="0600096",38.731100,-120.834700,†,†,†
CENTRAL SIERRA ROP JPA,California,="0601400",38.694693,-120.823152,418000,†,†
CENTRAL UNIFIED,California,="0607970",36.801381,-119.892365,208098000,13094,13565
CENTRAL UNION ELEMENTARY,California,="0607980",36.243463,-119.780237,27490000,15264,14957
CENTRAL UNION HIGH,California,="0608010",32.781022,-115.550923,62223000,14879,14582
CENTRAL VALLEY PRE-SCHOOL JPA,California,="0601378",36.430900,-119.856800,500000,†,†
CENTRAL VALLEY SUPPORT SERVICES JPA,California,="0601362",36.837400,-119.688100,7215000,†,†
CENTRALIA ELEMENTARY,California,="0608070",33.846700,-118.018200,60987000,14095,14169
CERES UNIFIED,California,="0608130",37.590200,-120.948700,196003000,13321,12634
CHAFFEY JOINT UNION HIGH,California,="0608160",34.080314,-117.653746,344542000,14374,15801
CHARTER OAK UNIFIED,California,="0608190",34.103000,-117.858100,65049000,13651,13944
CHATOM UNION,California,="0608250",37.482820,-120.932101,8748000,15031,13619
CHAWANAKEE UNIFIED,California,="0600116",37.128982,-119.733545,31933000,29404,27855
CHICAGO PARK ELEMENTARY,California,="0608340",39.144920,-120.977500,3506000,18849,12624
CHICO UNIFIED,California,="0608370",39.734100,-121.825700,177776000,12495,12359
CHINO VALLEY UNIFIED,California,="0608460",34.019441,-117.691621,376021000,13362,12084
CHOWCHILLA ELEMENTARY,California,="0608520",37.122264,-120.265372,28951000,12907,12343
CHOWCHILLA UNION HIGH,California,="0608550",37.114871,-120.262684,15036000,13509,12807
CHUALAR UNION,California,="0608580",36.572036,-121.516093,4756000,14412,13697
CHULA VISTA ELEMENTARY,California,="0608610",32.631699,-117.058241,396672000,13170,12835
CIENEGA UNION ELEMENTARY,California,="0608640",36.730090,-121.361394,452000,15067,14400
CINNABAR ELEMENTARY,California,="0608700",38.258897,-122.665515,4664000,18008,15710
CLAREMONT UNIFIED,California,="0608760",34.082580,-117.716581,92930000,13135,14079
CLAY JOINT ELEMENTARY,California,="0608850",36.554349,-119.504111,2410000,9451,10498
CLEAR CREEK ELEMENTARY,California,="0608880",39.142783,-121.144012,1697000,10475,11210
CLOVERDALE UNIFIED,California,="0608970",38.810321,-123.021789,18951000,13160,16362
CLOVIS UNIFIED,California,="0609030",36.836490,-119.689351,567725000,13170,12356
COACHELLA VALLEY UNIFIED,California,="0609070",33.638121,-116.143393,302003000,16438,16671
COALINGA-HURON UNIFIED,California,="0609120",36.142355,-120.364247,67353000,15136,13791
COAST UNIFIED,California,="0600049",35.562700,-121.089100,14748000,24337,23122
COASTLINE ROP,California,="0600123",33.671123,-117.900858,†,†,†
COASTLINE ROP JPA,California,="0601357",33.671104,-117.900603,10298000,†,†
COFFEE CREEK ELEMENTARY,California,="0609240",41.085679,-122.711860,248000,49600,43200
COLD SPRING ELEMENTARY,California,="0609270",34.441188,-119.659773,5241000,30829,24841
COLFAX ELEMENTARY,California,="0609300",39.106210,-120.961600,5130000,14699,10656
COLLEGE AND CAREER ADVANTAGE,California,="0600122",33.504799,-117.662535,3802000,†,†
COLLEGE ELEMENTARY,California,="0609330",34.616461,-120.083032,7974000,20136,32515
COLTON JOINT UNIFIED,California,="0609390",34.079816,-117.333439,309212000,13706,13949
COLTON-REDLANDS-YUCAIPA ROP,California,="0600130",34.068230,-117.204801,†,†,†
COLTON-REDLANDS-YUCAIPA ROP JPA,California,="0601375",34.068303,-117.204977,10910000,†,†
COLUMBIA ELEMENTARY,California,="0609450",40.582285,-122.308312,17541000,12926,12349
COLUMBIA UNION,California,="0609480",38.031381,-120.407042,5986000,12093,11184
COLUMBINE ELEMENTARY,California,="0609510",35.830600,-119.213361,2238000,11190,10500
COLUSA COUNTY OFFICE OF EDUCATION,California,="0691004",39.212420,-122.008291,12436000,†,†
COLUSA UNIFIED,California,="0609570",39.200317,-122.018655,17864000,12320,12537
COMPTON UNIFIED,California,="0609620",33.892300,-118.216200,331256000,14392,14212
COMPTON UNIFIED ROP,California,="0600113",33.898326,-118.254669,†,†,†
CONEJO VALLEY UNIFIED,California,="0609640",34.199155,-118.853259,224461000,11982,12528
CONTRA COSTA COUNTY OFFICE OF EDUCATION,California,="0691005",37.935300,-122.069800,114209000,22159,18065
CONTRA COSTA COUNTY ROP,California,="0600092",37.934912,-122.069744,44141000,†,†
CONTRA COSTA SELPA,California,="0601349",37.985100,-122.048200,–,†,†
CORCORAN JOINT UNIFIED,California,="0609690",36.101700,-119.566500,44736000,13475,13137
CORNING UNION ELEMENTARY,California,="0609780",39.925998,-122.186998,27269000,12911,12341
CORNING UNION HIGH,California,="0609810",39.934591,-122.172864,14900000,15298,16453
CORONA-NORCO UNIFIED,California,="0609850",33.922685,-117.561634,693389000,13011,13808
CORONADO UNIFIED,California,="0609870",32.696382,-117.187254,41343000,14034,13607
COTATI-ROHNERT PARK UNIFIED,California,="0609940",38.337380,-122.699941,88816000,14330,19155
COTTONWOOD UNION ELEMENTARY,California,="0609990",40.385990,-122.291924,13967000,12009,11009
COVINA-VALLEY UNIFIED,California,="0610050",34.086572,-117.880895,238569000,20112,20383
CUCAMONGA ELEMENTARY,California,="0616300",34.094220,-117.594711,43528000,17709,18403
CUDDEBACK UNION ELEMENTARY,California,="0610230",40.537279,-124.042309,1670000,11678,13364
CULVER CITY UNIFIED,California,="0610260",34.022471,-118.393863,126284000,17918,20792
CUPERTINO UNION,California,="0610290",37.349475,-122.050918,219436000,12179,13073
CURTIS CREEK ELEMENTARY,California,="0610320",37.963416,-120.308104,8342000,18916,17857
CUTLER-OROSI JOINT UNIFIED,California,="0610350",36.544700,-119.290900,65949000,15988,16594
CUTTEN ELEMENTARY,California,="0610380",40.766415,-124.142718,6454000,10739,10526
CUYAMA JOINT UNIFIED,California,="0600009",34.932244,-119.609259,5913000,†,†
CYPRESS ELEMENTARY,California,="0610440",33.824900,-118.045700,53979000,13641,11589
DAVIS JOINT UNIFIED,California,="0610620",38.547569,-121.745154,114755000,13297,13945
DEATH VALLEY UNIFIED,California,="0610680",35.979067,-116.272658,1460000,56154,57808
DEHESA ELEMENTARY,California,="0610710",32.781593,-116.850848,25223000,2907,2425
DEL MAR UNION ELEMENTARY,California,="0610740",32.922800,-117.229600,75307000,16912,14719
DEL NORTE COUNTY OFFICE OF EDUCATION,California,="0691063",41.772800,-124.206100,8432000,14053,12950
DEL NORTE COUNTY ROP,California,="0600093",41.770730,-124.208411,†,†,†
DEL NORTE COUNTY UNIFIED,California,="0610770",41.772800,-124.206100,48643000,13408,13927
DELANO JOINT UNION HIGH,California,="0610860",35.777760,-119.238681,72066000,16705,16002
DELANO UNION ELEMENTARY,California,="0610890",35.774400,-119.238861,109244000,15290,14534
DELHI UNIFIED,California,="0600039",37.428292,-120.779595,36174000,14125,14316
DELPHIC ELEMENTARY,California,="0610980",41.704865,-122.563615,849000,13918,12197
DENAIR UNIFIED,California,="0611040",37.524639,-120.803863,17598000,13824,13616
DESERT CENTER UNIFIED,California,="0611100",33.850036,-115.473811,1598000,106533,99133
DESERT SANDS UNIFIED,California,="0611110",33.702400,-116.276300,420855000,14660,15042
DI GIORGIO ELEMENTARY,California,="0611130",35.237582,-118.786963,3215000,15237,13995
DINUBA UNIFIED,California,="0600065",36.545600,-119.381000,90497000,13755,12983
DIXIE ELEMENTARY,California,="0611220",37.998600,-122.549200,26832000,13524,15706
DIXON UNIFIED,California,="0611280",38.444700,-121.822600,41717000,11423,10922
DOS PALOS ORO LOMA JOINT UNIFIED,California,="0600033",36.984735,-120.628770,33572000,13965,13304
DOUGLAS CITY ELEMENTARY,California,="0611430",40.652829,-122.943861,2507000,14326,11703
DOWNEY UNIFIED,California,="0611460",33.934700,-118.132400,302797000,13787,14831
DRY CREEK JOINT ELEMENTARY,California,="0611490",38.726975,-121.336644,74235000,10812,11345
DUARTE UNIFIED,California,="0611520",34.139600,-117.970200,59576000,13797,15243
DUBLIN UNIFIED,California,="0600019",37.716980,-121.930801,166874000,14775,15514
DUCOR UNION ELEMENTARY,California,="0611550",35.890985,-119.040926,2306000,13565,12759
DUNHAM ELEMENTARY,California,="0611610",38.320077,-122.751794,2419000,12534,13047
DUNSMUIR ELEMENTARY,California,="0611670",41.233451,-122.271382,1415000,16264,14920
DUNSMUIR JOINT UNION HIGH,California,="0611700",41.210314,-122.276324,2442000,38762,39159
DURHAM UNIFIED,California,="0611730",39.646970,-121.802921,12155000,11940,11743
EARLIMART ELEMENTARY,California,="0611760",35.885730,-119.268982,27599000,15057,15823
EAST MERCED COUNTY PUBLIC FACILITIES FINANCING AUTHORITY,California,="0601396",37.367243,-120.570058,–,†,†
EAST NICOLAUS JOINT UNION HIGH,California,="0611780",38.911751,-121.526750,4238000,13627,13399
EAST SAN GABRIEL VALLEY ROP,California,="0601356",34.077021,-117.937275,16212000,†,†
EAST SAN GABRIEL VALLEY ROP,California,="0600105",34.076807,-117.937626,†,†,†
EAST SIDE UNION HIGH,California,="0611820",37.381770,-121.853301,420162000,15411,15603
EAST VALLEY SCHOOL TRANSPORTATION JPA,California,="0601381",37.371490,-121.895581,2544000,†,†
EAST WHITTIER CITY ELEMENTARY,California,="0611850",33.953413,-118.014739,99588000,11513,11916
EASTERN SIERRA UNIFIED,California,="0611870",38.254520,-119.229266,11502000,27583,25873
EASTSIDE UNION ELEMENTARY,California,="0611910",34.700310,-118.075841,44887000,13194,13360
EDEN AREA ROP,California,="0600085",37.638245,-122.100624,†,†,†
EDEN AREA ROP JPA,California,="0601380",37.638674,-122.100354,14493000,†,†
EDISON ELEMENTARY,California,="0611940",35.347300,-118.875300,15961000,15332,14115
EL CENTRO ELEMENTARY,California,="0612030",32.794101,-115.567067,70905000,11539,11113
EL DORADO COUNTY OFFICE OF EDUCATION,California,="0691006",38.720736,-120.866662,185257000,146913,142195
EL DORADO UNION HIGH,California,="0612070",38.694600,-120.823800,87667000,13153,12576
EL MONTE CITY,California,="0612090",34.073459,-118.039194,144288000,17526,16952
EL MONTE UNION HIGH,California,="0612120",34.071850,-118.031129,161558000,18193,19121
EL NIDO ELEMENTARY,California,="0612150",37.134412,-120.488767,2488000,14988,13910
EL RANCHO UNIFIED,California,="0612180",33.994784,-118.080895,122328000,14103,14249
EL SEGUNDO UNIFIED,California,="0612210",33.924800,-118.411553,49477000,14242,12513
EL TEJON UNIFIED,California,="0600026",34.872813,-118.887645,11000000,14589,13113
ELK GROVE UNIFIED,California,="0612330",38.412600,-121.371700,798448000,12614,12937
ELK HILLS ELEMENTARY,California,="0612360",35.297389,-119.354526,3051000,16316,13182
ELKINS ELEMENTARY,California,="0612420",39.878960,-122.537800,252000,16800,16800
ELVERTA JOINT ELEMENTARY,California,="0612600",38.711732,-121.462873,3894000,12481,13215
EMERY UNIFIED,California,="0612630",37.836351,-122.282336,18173000,26338,23930
EMPIRE UNION ELEMENTARY,California,="0612690",37.639100,-120.930000,43869000,14526,12337
ENCINITAS UNION ELEMENTARY,California,="0612750",33.036900,-117.238300,70988000,13269,14198
ENTERPRISE ELEMENTARY,California,="0612810",40.577460,-122.349461,51423000,13597,13389
ESCALON UNIFIED,California,="0612840",37.799871,-120.996330,33599000,11448,14181
ESCONDIDO UNION,California,="0612880",33.118100,-117.114700,229900000,12297,13115
ESCONDIDO UNION HIGH,California,="0612910",33.135900,-117.050700,128151000,13518,12432
ESPARTO UNIFIED,California,="0612930",38.690980,-122.016241,12818000,13493,12803
ETIWANDA ELEMENTARY,California,="0612960",34.144200,-117.514500,174051000,12334,11983
EUREKA CITY SCHOOLS,California,="0600052",40.788405,-124.159262,55596000,14150,14593
EUREKA UNION,California,="0613080",38.736300,-121.199100,37184000,10991,10776
EVERGREEN ELEMENTARY,California,="0613140",37.324472,-121.785889,141704000,12447,12765
EVERGREEN UNION,California,="0613170",40.358747,-122.331115,13813000,11276,10771
EXETER UNIFIED,California,="0601423",36.299540,-119.132041,36050000,12721,13786
FAIRFAX ELEMENTARY,California,="0613290",35.340758,-118.932503,36490000,13490,14174
FAIRFIELD-SUISUN UNIFIED,California,="0613360",38.275800,-122.052200,266213000,12360,12525
FALL RIVER JOINT UNIFIED,California,="0613470",40.879822,-121.671732,16961000,14029,13868
FALLBROOK UNION ELEMENTARY,California,="0613500",33.384334,-117.247717,93527000,19228,16442
FALLBROOK UNION HIGH,California,="0613530",33.351700,-117.237100,35417000,16359,14892
FARMERSVILLE UNIFIED,California,="0600035",36.307518,-119.201816,36003000,14219,13898
FEATHER FALLS UNION ELEMENTARY,California,="0613710",39.593685,-121.263586,483000,6114,5937
FERNDALE UNIFIED,California,="0600037",40.584936,-124.260516,6814000,13655,13741
FIELDBROOK ELEMENTARY,California,="0613740",40.956581,-124.034415,1571000,10404,11000
FILLMORE UNIFIED,California,="0613800",34.400779,-118.917319,55914000,14906,14847
FIREBAUGH-LAS DELTAS UNIFIED,California,="0613840",36.846671,-120.446407,36365000,16091,22520
FLOURNOY UNION ELEMENTARY,California,="0613860",39.921444,-122.447633,397000,15269,15577
FOLSOM-CORDOVA UNIFIED,California,="0613890",38.632915,-121.199886,268276000,13181,15091
FONTANA UNIFIED,California,="0613920",34.077900,-117.453800,563697000,15163,13742
FORESTHILL UNION ELEMENTARY,California,="0613980",39.020410,-120.811901,4551000,11209,11754
FORESTVILLE UNION ELEMENTARY,California,="0614010",38.473315,-122.888105,5585000,21236,18095
FORKS OF SALMON ELEMENTARY,California,="0614040",41.259264,-123.327460,263000,29222,31667
FORT BRAGG UNIFIED,California,="0614070",39.438486,-123.795250,26148000,13619,13037
FORT ROSS ELEMENTARY,California,="0614130",38.556499,-123.264271,646000,34000,40737
FORT SAGE UNIFIED,California,="0600011",40.141423,-120.135161,3473000,13673,13512
FORTUNA ELEMENTARY,California,="0601420",40.596572,-124.157930,17216000,12781,12422
FORTUNA UNION HIGH,California,="0614190",40.595177,-124.153667,15104000,13985,13966
FORTY-NINER ROP,California,="0600082",38.906526,-121.081162,†,†,†
FOUNTAIN VALLEY ELEMENTARY,California,="0614220",33.709100,-117.953300,81148000,12755,10501
FOWLER UNIFIED,California,="0614250",36.634799,-119.673638,39887000,15288,14434
FRANKLIN ELEMENTARY,California,="0614340",39.130900,-121.689200,5221000,10923,10594
FRANKLIN-MCKINLEY ELEMENTARY,California,="0614370",37.315140,-121.849501,131226000,12384,12771
FREMONT UNIFIED,California,="0614400",37.507653,-121.954468,482378000,13483,13681
FREMONT UNION HIGH,California,="0614430",37.351000,-122.035800,217062000,19485,23396
FRENCH GULCH-WHISKEYTOWN ELEMENTARY,California,="0614490",40.708188,-122.635068,544000,18759,29552
FRESHWATER ELEMENTARY,California,="0614520",40.785515,-124.082243,3895000,11003,11124
FRESNO COUNTY OFFICE OF EDUCATION,California,="0691007",36.735626,-119.790806,208628000,60071,59978
FRESNO ROP,California,="0600098",36.741632,-119.821812,†,†,†
FRESNO UNIFIED,California,="0614550",36.736300,-119.786800,1118820000,15231,14843
FRUITVALE ELEMENTARY,California,="0614700",35.383300,-119.083800,37564000,11594,11299
FULLERTON ELEMENTARY,California,="0614730",33.866894,-117.951127,161698000,12151,11954
FULLERTON JOINT UNION HIGH,California,="0614760",33.888500,-117.943300,191011000,13741,16028
GALT JOINT UNION ELEMENTARY,California,="0614790",38.253100,-121.297600,45457000,12492,13237
GALT JOINT UNION HIGH,California,="0614820",38.286050,-121.279021,33850000,15499,19585
GARDEN GROVE UNIFIED,California,="0614880",33.777700,-117.953000,634300000,14695,16663
GARFIELD ELEMENTARY,California,="0614910",40.761070,-124.061651,799000,12887,12790
GARVEY ELEMENTARY,California,="0614940",34.061295,-118.099271,78396000,16787,18215
GATEWAY UNIFIED,California,="0614950",40.630570,-122.387401,39671000,15856,14984
GAZELLE UNION ELEMENTARY,California,="0614970",41.520173,-122.524073,564000,21692,21500
GENERAL SHAFTER ELEMENTARY,California,="0615000",35.221604,-119.023586,3259000,22170,30735
GERBER UNION ELEMENTARY,California,="0615090",40.069620,-122.180861,5555000,13418,13401
GEYSERVILLE UNIFIED,California,="0615150",38.720264,-122.890581,4418000,18641,21333
GILROY UNIFIED,California,="0615180",37.016165,-121.561770,154326000,13041,13631
GLENDALE UNIFIED,California,="0615240",34.148958,-118.250587,341304000,13091,14440
GLENDORA UNIFIED,California,="0615270",34.143955,-117.845539,90524000,12161,11925
GLENN COUNTY OFFICE OF EDUCATION,California,="0691008",39.517186,-122.209611,25020000,65156,82445
GLENN COUNTY ROP,California,="0600099",39.517293,-122.209609,†,†,†
GOLD OAK UNION ELEMENTARY,California,="0615390",38.694112,-120.717242,5456000,11157,11188
GOLD TRAIL UNION ELEMENTARY,California,="0615450",38.769700,-120.928000,7207000,10165,9487
GOLDEN FEATHER UNION ELEMENTARY,California,="0615480",39.730944,-121.528183,2781000,14409,8446
GOLDEN PLAINS UNIFIED,California,="0691134",36.609758,-120.187959,26064000,15350,19923
GOLDEN VALLEY UNIFIED,California,="0600068",36.923100,-119.867300,25771000,13284,12204
GOLETA UNION ELEMENTARY,California,="0615510",34.447170,-119.832131,95181000,26880,26832
GONZALES UNIFIED,California,="0600046",36.511518,-121.443106,34032000,14353,15195
GORMAN JOINT,California,="0615600",34.792520,-118.853824,1647000,632,490
GRANT ELEMENTARY,California,="0615690",40.541487,-122.472036,6584000,10160,10542
GRASS VALLEY ELEMENTARY,California,="0615780",39.221390,-121.076441,22947000,13334,14097
GRATTON ELEMENTARY,California,="0615810",37.572463,-120.790893,1638000,†,†
GRAVENSTEIN UNION ELEMENTARY,California,="0615840",38.360801,-122.785417,10402000,14367,13261
GRAVES ELEMENTARY,California,="0615870",36.696554,-121.701111,482000,12050,11425
GREATER ANAHEIM SELPA JPA,California,="0601416",33.846277,-118.005450,2109000,†,†
GREEN POINT ELEMENTARY,California,="0615990",41.020722,-123.867197,263000,18786,23357
GREENFIELD UNION,California,="0616050",35.303458,-119.020494,124159000,13312,12557
GREENFIELD UNION ELEMENTARY,California,="0616080",36.325900,-121.248421,51148000,14323,18552
GRENADA ELEMENTARY,California,="0616110",41.645099,-122.525245,2357000,11498,10946
GRIDLEY UNIFIED,California,="0600051",39.362727,-121.691519,25413000,12342,11898
GROSSMONT UNION HIGH,California,="0616230",32.780850,-116.986311,317554000,14775,13988
GUADALUPE UNION ELEMENTARY,California,="0616260",34.968914,-120.568740,18308000,14105,17452
GUERNEVILLE ELEMENTARY,California,="0616320",38.511106,-122.996261,5699000,20500,22356
GUSTINE UNIFIED,California,="0616323",37.248990,-121.011241,24686000,13265,12948
HACIENDA LA PUENTE UNIFIED,California,="0616325",34.009600,-117.959000,306532000,16625,14589
HAMILTON UNIFIED,California,="0601339",39.745909,-122.019537,9338000,13533,14383
HANFORD ELEMENTARY,California,="0616470",36.332600,-119.639600,78144000,13083,13273
HANFORD JOINT UNION HIGH,California,="0616500",36.328000,-119.657200,54532000,14343,13254
HAPPY CAMP UNION ELEMENTARY,California,="0616530",41.794698,-123.373422,1706000,15796,15083
HAPPY VALLEY ELEMENTARY,California,="0616560",37.024386,-121.990352,1575000,13125,13058
HAPPY VALLEY UNION ELEMENTARY,California,="0616570",40.447090,-122.408378,6548000,12425,11848
HARMONY UNION ELEMENTARY,California,="0616620",38.389369,-122.930747,9252000,14190,13456
HART ROP,California,="0600111",34.410460,-118.510913,†,†,†
HART-RANSOM UNION ELEMENTARY,California,="0616650",37.666774,-121.066562,13161000,10868,10305
HAWTHORNE,California,="0616680",33.903800,-118.352400,121328000,14506,13718
HAYWARD UNIFIED,California,="0616740",37.656800,-122.093400,318450000,14008,15124
HEALDSBURG UNIFIED,California,="0600044",38.623072,-122.866946,33204000,21688,24809
HEBER ELEMENTARY,California,="0616830",32.725340,-115.529247,17231000,14311,16852
HELENDALE ELEMENTARY,California,="0616860",34.740650,-117.329679,37793000,11733,11067
HEMET UNIFIED,California,="0616920",33.743700,-116.990200,342050000,15693,17507
HERMOSA BEACH CITY ELEMENTARY,California,="0617040",33.857185,-118.396038,17076000,12547,14042
HESPERIA UNIFIED,California,="0600014",34.424700,-117.322400,275268000,11401,11451
HICKMAN COMMUNITY CHARTER,California,="0617160",37.620337,-120.748694,9845000,†,†
HILLSBOROUGH CITY ELEMENTARY,California,="0617190",37.563370,-122.338291,32419000,23074,23331
HILMAR UNIFIED,California,="0617220",37.399579,-120.851773,27519000,11529,11575
HOLLISTER,California,="0617340",36.823476,-121.401439,70489000,12037,12573
HOLTVILLE UNIFIED,California,="0617430",32.813780,-115.372731,23123000,14880,14591
HOPE ELEMENTARY,California,="0617490",34.444610,-119.753921,13074000,13576,11630
HOPE ELEMENTARY,California,="0617520",36.021907,-119.032095,2924000,11838,10785
HORICON ELEMENTARY,California,="0617580",38.717960,-123.368061,2320000,37419,31339
HORNBROOK ELEMENTARY,California,="0617620",41.910981,-122.561407,1190000,20877,20246
HOT SPRINGS ELEMENTARY,California,="0617640",35.871212,-118.702814,426000,23667,23056
HOWELL MOUNTAIN ELEMENTARY,California,="0617760",38.583170,-122.449671,2179000,22010,20131
HUENEME ELEMENTARY,California,="0617850",34.149447,-119.195831,110094000,13061,12872
HUGHES-ELIZABETH LAKES UNION ELEMENTARY,California,="0617880",34.671627,-118.424426,2463000,12895,12225
HUGHSON UNIFIED,California,="0600060",37.597087,-120.867105,26765000,13043,14152
HUMBOLDT COUNTY OFFICE OF EDUCATION,California,="0691009",40.801490,-124.149441,49302000,112562,106568
HUMBOLDT COUNTY ROP,California,="0600100",40.801490,-124.149441,†,†,†
HUNTINGTON BEACH CITY ELEMENTARY,California,="0618030",33.715060,-117.989791,83080000,11746,11803
HUNTINGTON BEACH UNION HIGH,California,="0618060",33.744400,-118.027600,252275000,15584,15180
HYDESVILLE ELEMENTARY,California,="0618120",40.549294,-124.093109,1929000,9892,10159
IGO ONO PLATINA UNION ELEMENTARY,California,="0618160",40.503370,-122.540603,887000,22175,22025
IMPERIAL COUNTY OFFICE OF EDUCATION,California,="0691010",32.752056,-115.563896,123577000,174052,159810
IMPERIAL UNIFIED,California,="0618210",32.849226,-115.575099,50929000,12275,14390
IMPERIAL VALLEY ROP,California,="0600101",32.791574,-115.558952,†,†,†
IMPERIAL VALLEY ROP JPA,California,="0601405",32.791497,-115.558921,6168000,†,†
INDIAN DIGGINGS ELEMENTARY,California,="0618240",38.581234,-120.577392,280000,14737,15105
INDIAN SPRINGS ELEMENTARY,California,="0618270",41.015862,-121.907362,617000,88143,84571
INGLEWOOD UNIFIED,California,="0618390",33.958617,-118.362078,174521000,14440,14380
INYO COUNTY CAREER TECHNICAL EDUCATION,California,="0601424",36.798400,-118.194900,426000,†,†
INYO COUNTY OFFICE OF EDUCATION,California,="0691011",36.803214,-118.199458,35640000,19338,19143
IRVINE UNIFIED,California,="0684500",33.675360,-117.792301,512016000,14791,15285
ISLAND UNION ELEMENTARY,California,="0618510",36.361320,-119.834100,4305000,†,†
JACOBY CREEK ELEMENTARY,California,="0618660",40.846916,-124.067831,4569000,†,†
JAMESTOWN ELEMENTARY,California,="0618690",37.954023,-120.416999,4595000,13757,13769
JAMUL-DULZURA UNION ELEMENTARY,California,="0618730",32.730100,-116.854600,10736000,12796,12077
JANESVILLE UNION ELEMENTARY,California,="0618780",40.302480,-120.533491,3626000,10301,10313
JEFFERSON ELEMENTARY,California,="0618810",36.510594,-121.078124,236000,26222,34556
JEFFERSON ELEMENTARY,California,="0618870",37.678890,-122.484551,100092000,14674,14065
JEFFERSON ELEMENTARY,California,="0618840",37.700986,-121.440740,29132000,12508,10495
JEFFERSON UNION HIGH,California,="0618930",37.668040,-122.477491,87223000,17914,19125
JOHN SWETT UNIFIED,California,="0618990",38.032600,-122.267000,25798000,16796,15570
JOHNSTONVILLE ELEMENTARY,California,="0619050",40.384118,-120.588450,1977000,9935,10573
JULIAN UNION ELEMENTARY,California,="0619140",33.078790,-116.594865,43762000,11474,11091
JULIAN UNION HIGH,California,="0619110",33.077096,-116.595139,3509000,26786,26214
JUNCTION CITY ELEMENTARY,California,="0619170",40.733288,-123.059443,1083000,19339,18839
JUNCTION ELEMENTARY,California,="0619230",41.392240,-123.496253,542000,19357,19929
JUNCTION ELEMENTARY,California,="0619200",40.549990,-122.236751,3608000,13265,18195
JURUPA UNIFIED,California,="0619260",34.000241,-117.474736,266701000,13955,16175
KASHIA ELEMENTARY,California,="0632340",38.656792,-123.342024,315000,26250,25167
KELSEYVILLE UNIFIED,California,="0619320",38.975600,-122.831200,23808000,13988,17344
KENTFIELD ELEMENTARY,California,="0619380",37.950400,-122.549600,20675000,16727,21995
KENWOOD,California,="0619410",38.415572,-122.553742,3254000,23078,19511
KEPPEL UNION ELEMENTARY,California,="0619440",34.503541,-117.900494,35696000,13133,13130
KERMAN UNIFIED,California,="0619490",36.734292,-120.065675,70615000,13717,12678
KERN COUNTY OFFICE OF EDUCATION,California,="0691012",35.374170,-119.016204,314097000,69017,69061
KERN COUNTY ROP,California,="0600075",35.343900,-119.065500,†,†,†
KERN HIGH,California,="0619540",35.342212,-119.065061,589353000,14913,14470
KERN HIGH ROC,California,="0600076",35.349341,-118.966827,†,†,†
KERNVILLE UNION ELEMENTARY,California,="0619590",35.609222,-118.465974,13704000,15244,14029
KEYES UNION,California,="0619620",37.559717,-120.904282,15614000,13530,13081
KING CITY UNION,California,="0619680",36.211853,-121.127747,35564000,13360,13051
KINGS CANYON JOINT UNIFIED,California,="0619700",36.596730,-119.453485,144765000,14784,15123
KINGS COUNTY OFFICE OF EDUCATION,California,="0691013",36.330910,-119.665671,50408000,144436,132751
KINGS COUNTY ROP,California,="0600077",36.299970,-119.767731,†,†,†
KINGS RIVER UNION ELEMENTARY,California,="0619740",36.516702,-119.485599,6398000,13759,12458
KINGS RIVER-HARDWICK UNION ELEMENTARY,California,="0619770",36.401764,-119.640342,10160000,†,†
KINGS SCHOOLS TRANSPORTATION AUTHORITY JPA,California,="0601384",36.305600,-119.799900,1780000,†,†
KINGSBURG ELEMENTARY CHARTER,California,="0619800",36.524816,-119.552757,25696000,†,†
KINGSBURG JOINT UNION HIGH,California,="0619830",36.518601,-119.546587,16359000,14127,14349
KIRKWOOD ELEMENTARY,California,="0619860",39.856860,-122.162661,1132000,11670,12103
KIT CARSON UNION ELEMENTARY,California,="0619890",36.329895,-119.582694,17032000,15167,13187
KLAMATH RIVER UNION ELEMENTARY,California,="0619920",41.823050,-122.961300,347000,17350,15200
KLAMATH-TRINITY JOINT UNIFIED,California,="0619950",41.049066,-123.676507,44614000,44569,47881
KNEELAND ELEMENTARY,California,="0619980",40.725730,-123.944131,440000,33846,32615
KNIGHTS FERRY ELEMENTARY,California,="0620010",37.819127,-120.671890,1559000,10826,8729
KNIGHTSEN ELEMENTARY,California,="0620040",37.968752,-121.660969,6336000,10613,10492
KONOCTI UNIFIED,California,="0620070",38.914919,-122.607721,47631000,13652,14664
LA CANADA UNIFIED,California,="0620130",34.205600,-118.203600,57519000,13803,12387
LA HABRA CITY ELEMENTARY,California,="0620190",33.935900,-117.950500,62462000,13253,13903
LA HONDA-PESCADERO UNIFIED,California,="0620220",37.247163,-122.363720,7209000,22813,28655
LA MESA-SPRING VALLEY,California,="0620250",32.765016,-117.022457,152614000,12129,12090
LA PUENTE VALLEY ROP,California,="0601393",34.012420,-117.899071,4588000,†,†
LA PUENTE VALLEY ROP,California,="0600103",34.012665,-117.898546,†,†,†
LAFAYETTE ELEMENTARY,California,="0620310",37.887345,-122.115070,47497000,13227,16376
LAGUNA BEACH UNIFIED,California,="0620370",33.542605,-117.777890,66480000,22697,21373
LAGUNA JOINT ELEMENTARY,California,="0620430",38.199638,-122.715780,260000,20000,28308
LAGUNITA ELEMENTARY,California,="0620490",36.772589,-121.604941,1037000,10582,10510
LAGUNITAS ELEMENTARY,California,="0620520",38.017136,-122.675299,4339000,17426,17900
LAKE COUNTY OFFICE OF EDUCATION,California,="0691014",39.034600,-122.915700,17910000,†,†
LAKE COUNTY ROP,California,="0600078",39.034300,-122.914781,†,†,†
LAKE ELEMENTARY,California,="0620610",39.769350,-122.156655,1881000,10392,11331
LAKE ELSINORE UNIFIED,California,="0600027",33.682902,-117.336264,297465000,13560,13822
LAKE TAHOE UNIFIED,California,="0620640",38.934723,-119.977040,54240000,13886,13329
LAKEPORT UNIFIED,California,="0620670",39.062200,-122.918500,19574000,12972,16800
LAKESIDE JOINT,California,="0620700",37.193755,-122.018414,2391000,32311,29014
LAKESIDE UNION,California,="0620730",35.222284,-119.110375,17218000,12495,12700
LAKESIDE UNION ELEMENTARY,California,="0620760",36.240360,-119.620700,4740000,14540,12914
LAKESIDE UNION ELEMENTARY,California,="0620790",32.856800,-116.925800,68522000,11022,10570
LAMMERSVILLE JOINT UNIFIED,California,="0601410",37.777969,-121.535031,77132000,†,†
LAMONT ELEMENTARY,California,="0620850",35.263066,-118.916375,43877000,14127,14729
LANCASTER ELEMENTARY,California,="0620880",34.694802,-118.139545,194630000,12795,12240
LARKSPUR-CORTE MADERA,California,="0620910",37.938800,-122.531561,26938000,17413,15741
LAS LOMITAS ELEMENTARY,California,="0622380",37.429000,-122.201100,34355000,25619,49705
LAS VIRGENES UNIFIED,California,="0621000",34.134914,-118.703358,145236000,12827,12545
LASSEN COUNTY OFFICE OF EDUCATION,California,="0691015",40.375743,-120.580937,12135000,†,†
LASSEN ROP,California,="0600079",40.375743,-120.580937,†,†,†
LASSEN UNION HIGH,California,="0621060",40.417390,-120.657751,10075000,12212,12488
LASSEN VIEW UNION ELEMENTARY,California,="0621090",40.106800,-122.108500,3675000,11378,10647
LATON JOINT UNIFIED,California,="0621150",36.434500,-119.685500,10166000,14627,14212
LATROBE,California,="0621180",38.558013,-120.979493,2333000,17029,17701
LAWNDALE ELEMENTARY,California,="0621210",33.898534,-118.348071,153234000,25741,25386
LAYTONVILLE UNIFIED,California,="0642580",39.685786,-123.483779,6612000,17632,19973
LE GRAND UNION ELEMENTARY,California,="0621240",37.227866,-120.251994,5419000,14186,15241
LE GRAND UNION HIGH,California,="0621270",37.227636,-120.253741,8659000,17283,17709
LEGGETT VALLEY UNIFIED,California,="0609665",39.864452,-123.716964,2597000,20449,20394
LEMON GROVE,California,="0621330",32.738069,-117.026169,51891000,13912,13865
LEMOORE UNION ELEMENTARY,California,="0621360",36.307170,-119.799881,42388000,12604,10992
LEMOORE UNION HIGH,California,="0621400",36.298400,-119.779700,31971000,14506,16062
LENNOX,California,="0621420",33.942805,-118.357354,91477000,12628,12978
LEWISTON ELEMENTARY,California,="0621480",40.699871,-122.813015,1183000,19081,16661
LIBERTY ELEMENTARY,California,="0621540",38.278741,-122.706194,5982000,4276,2259
LIBERTY ELEMENTARY,California,="0621570",36.246934,-119.321115,6240000,9858,8776
LIBERTY UNION HIGH,California,="0621600",37.934623,-121.690404,108091000,13151,12526
LINCOLN ELEMENTARY,California,="0621660",38.151900,-122.710721,340000,48571,39571
LINCOLN UNIFIED,California,="0621690",37.999890,-121.334871,125986000,13374,12235
LINDEN UNIFIED,California,="0621810",38.020449,-121.088786,28102000,12479,12142
LINDSAY UNIFIED,California,="0621870",36.206200,-119.088000,72889000,17730,17005
LINNS VALLEY-POSO FLAT UNION,California,="0621900",35.730039,-118.703661,721000,32773,30455
LITTLE LAKE CITY ELEMENTARY,California,="0621930",33.938574,-118.082337,58152000,12995,12990
LITTLE SHASTA ELEMENTARY,California,="0621960",41.711960,-122.388271,341000,21313,22563
LIVE OAK ELEMENTARY,California,="0621990",36.983960,-121.985471,28246000,13873,13436
LIVE OAK UNIFIED,California,="0622050",39.277650,-121.655251,25556000,13696,14965
LIVERMORE VALLEY JOINT UNIFIED,California,="0622110",37.689000,-121.791800,176692000,12836,13196
LIVINGSTON UNION,California,="0622170",37.385677,-120.728611,35948000,14271,15919
LODI UNIFIED,California,="0622230",38.123943,-121.248537,411110000,13095,11926
LOLETA UNION ELEMENTARY,California,="0622320",40.643386,-124.218724,1817000,17990,18287
LOMA PRIETA JOINT UNION ELEMENTARY,California,="0622350",37.125640,-121.944036,9396000,18606,18786
LOMPOC UNIFIED,California,="0622410",34.658720,-120.450221,124401000,12266,11923
LONE PINE UNIFIED,California,="0622440",36.602790,-118.060556,6729000,23124,24131
LONG BEACH UNIFIED,California,="0622500",33.828700,-118.213500,1170051000,15667,16603
LONG BEACH UNIFIED ROP,California,="0600108",33.775670,-118.191508,†,†,†
LOOMIS UNION ELEMENTARY,California,="0622560",38.830660,-121.201671,34395000,7894,6870
LOS ALAMITOS UNIFIED,California,="0622590",33.816040,-118.063703,124666000,12678,12539
LOS ALTOS ELEMENTARY,California,="0622650",37.371650,-122.106591,84660000,19228,16464
LOS ANGELES COUNTY OFFICE OF EDUCATION,California,="0691078",33.916402,-118.129286,743247000,92191,62679
LOS ANGELES COUNTY ROP,California,="0600110",33.916466,-118.129291,†,†,†
LOS ANGELES UNIFIED,California,="0622710",34.056280,-118.257240,10200836000,16416,15700
LOS ANGELES UNIFIED ROCP,California,="0600109",34.056460,-118.257445,†,†,†
LOS BANOS UNIFIED,California,="0622740",37.052647,-120.839988,142944000,13159,12550
LOS GATOS UNION ELEMENTARY,California,="0622830",37.234539,-121.967293,48626000,15373,14750
LOS GATOS-SARATOGA JOINT UNION HIGH,California,="0622800",37.240460,-121.974921,71754000,20950,25766
LOS MOLINOS UNIFIED,California,="0622860",40.024362,-122.100359,8043000,13518,13869
LOS NIETOS,California,="0622890",33.966614,-118.066536,25924000,16032,17987
LOS OLIVOS ELEMENTARY,California,="0622920",34.664309,-120.110563,2681000,19288,17914
LOST HILLS UNION ELEMENTARY,California,="0622950",35.615270,-119.702911,10111000,19825,16596
LOWELL JOINT,California,="0623010",33.932909,-117.976866,33571000,10668,10173
LUCERNE ELEMENTARY,California,="0623040",39.083968,-122.789749,3419000,13000,12217
LUCERNE VALLEY UNIFIED,California,="0600015",34.410260,-116.907602,27855000,8076,8185
LUCIA MAR UNIFIED,California,="0623080",35.115327,-120.576286,133265000,12631,13611
LUTHER BURBANK,California,="0623130",37.324389,-121.926345,8079000,15627,13596
LYNWOOD UNIFIED,California,="0623160",33.926225,-118.200464,203747000,14337,13696
MADERA COUNTY SUPERINTENDENT OF SCHOOLS,California,="0691017",36.942620,-120.054681,55230000,65750,60057
MADERA UNIFIED,California,="0623340",36.952500,-120.083000,287668000,13727,13532
MAGNOLIA ELEMENTARY,California,="0623430",33.825401,-117.980172,90479000,14881,17592
MAGNOLIA UNION ELEMENTARY,California,="0623460",32.982365,-115.422977,1616000,11380,11183
MAMMOTH UNIFIED,California,="0623530",37.638527,-118.962754,18196000,15163,14344
MANCHESTER UNION ELEMENTARY,California,="0623550",38.968040,-123.687561,824000,20600,20350
MANHATTAN BEACH UNIFIED,California,="0600025",33.876653,-118.388569,111279000,16741,14171
MANTECA UNIFIED,California,="0623610",37.812491,-121.256815,316469000,13321,12461
MANZANITA ELEMENTARY,California,="0623700",39.334787,-121.658793,3516000,12082,10708
MAPLE CREEK ELEMENTARY,California,="0623730",40.760370,-123.870381,396000,44000,36111
MAPLE ELEMENTARY,California,="0623760",35.513343,-119.334381,13008000,45965,10880
MARCUM-ILLINOIS UNION ELEMENTARY,California,="0623800",38.811100,-121.543000,2964000,1296,1038
MARICOPA UNIFIED,California,="0623820",35.054070,-119.403810,10458000,1643,1100
MARIN COUNTY OFFICE OF EDUCATION,California,="0691018",38.013828,-122.550273,65665000,207801,197133
MARIN COUNTY ROP,California,="0600117",38.013782,-122.550276,3401000,†,†
MARIN PUPIL TRANSPORTATION AGENCY JPA,California,="0601406",37.937340,-122.529500,–,†,†
MARIPOSA COUNTY OFFICE OF EDUCATION,California,="0691090",37.487586,-119.962543,3759000,76714,70122
MARIPOSA COUNTY UNIFIED,California,="0623940",37.490271,-119.964667,24952000,13740,12961
MARK TWAIN UNION ELEMENTARY,California,="0623970",38.072950,-120.550235,9744000,11868,11811
MARK WEST UNION ELEMENTARY,California,="0624000",38.501230,-122.742111,20988000,14385,12391
MARTINEZ UNIFIED,California,="0624030",38.014760,-122.131411,58203000,13991,13876
MARYSVILLE JOINT UNIFIED,California,="0624090",39.158490,-121.586051,136760000,13546,12840
MATTOLE UNIFIED,California,="0600038",40.321704,-124.285548,9535000,12240,11914
MAXWELL UNIFIED,California,="0624150",39.280331,-122.192099,4520000,13823,13061
MCCABE UNION ELEMENTARY,California,="0624180",32.751795,-115.595396,14748000,10618,10649
MCCLOUD UNION ELEMENTARY,California,="0624210",41.254351,-122.131013,973000,18712,15942
MCFARLAND UNIFIED,California,="0624230",35.680900,-119.229300,51366000,14316,13096
MCKINLEYVILLE UNION ELEMENTARY,California,="0624300",40.946350,-124.098891,13625000,11685,11858
MCKITTRICK ELEMENTARY,California,="0624330",35.308332,-119.620527,2249000,29208,42299
MCSWAIN UNION ELEMENTARY,California,="0624360",37.301661,-120.568222,9238000,11037,11920
MEADOWS UNION ELEMENTARY,California,="0624390",32.800138,-115.474133,6974000,13865,14141
MENDOCINO COUNTY OFFICE OF EDUCATION,California,="0691019",39.129320,-123.165314,32690000,†,†
MENDOCINO COUNTY ROC/ROP,California,="0600118",39.129320,-123.165314,†,†,†
MENDOCINO UNIFIED,California,="0624480",39.312300,-123.783000,12585000,24725,22837
MENDOTA UNIFIED,California,="0600022",36.760782,-120.388147,51171000,14862,12981
MENIFEE UNION ELEMENTARY,California,="0624540",33.687952,-117.175880,132603000,11357,12210
MENLO PARK CITY ELEMENTARY,California,="0624570",37.464060,-122.186268,58993000,19843,18713
MERCED CITY ELEMENTARY,California,="0624600",37.307055,-120.479487,149569000,13503,13223
MERCED COUNTY OFFICE OF EDUCATION,California,="0691020",37.297760,-120.488524,131997000,99097,87948
MERCED COUNTY ROP,California,="0600119",37.297620,-120.488000,†,†,†
MERCED RIVER UNION ELEMENTARY,California,="0624630",37.439112,-120.564744,2508000,14250,13835
MERCED UNION HIGH,California,="0624660",37.367243,-120.570058,160280000,15204,14285
MERIDIAN ELEMENTARY,California,="0624690",39.141838,-121.909962,1967000,1736,1257
MESA UNION ELEMENTARY,California,="0624720",34.262569,-119.095210,8606000,6879,6042
METRO EDUCATION,California,="0600135",37.278564,-121.865774,†,†,†
METROPOLITAN EDUCATION,California,="0601398",37.278660,-121.866951,18232000,†,†
MID-PLACER TRANSPORTATION JPA,California,="0601401",38.939100,-121.075700,2583000,†,†
MIDDLETOWN UNIFIED,California,="0624750",38.756120,-122.615171,19594000,11445,10973
MIDWAY ELEMENTARY,California,="0624780",35.173715,-119.543206,1954000,22988,27729
MILL VALLEY ELEMENTARY,California,="0624870",37.896700,-122.529700,54450000,17644,16594
MILLBRAE ELEMENTARY,California,="0624900",37.598580,-122.404196,37108000,15252,11655
MILLVILLE ELEMENTARY,California,="0624930",40.551922,-122.168610,2787000,10597,10407
MILPITAS UNIFIED,California,="0624500",37.438488,-121.883201,141192000,13684,14218
MISSION TRAILS ROP,California,="0600120",36.694052,-121.624086,†,†,†
MISSION TRAILS ROP JPA,California,="0601385",36.694052,-121.624086,2343000,†,†
MISSION UNION ELEMENTARY,California,="0625110",36.390600,-121.364511,1473000,11244,11206
MISSION VALLEY ROC/P,California,="0600086",37.528168,-121.984147,†,†,†
MISSION VALLEY ROC/P,California,="0601397",37.528168,-121.984147,9813000,†,†
MODESTO CITY ELEMENTARY,California,="0625130",37.639700,-121.012600,†,†,†
MODESTO CITY HIGH,California,="0625150",37.639180,-121.012561,†,†,†
MODESTO CITY SCHOOLS,California,="0601330",37.639700,-121.012600,432622000,14134,13897
MODOC COUNTY OFFICE OF EDUCATION,California,="0691093",41.480158,-120.544729,8446000,272452,246000
MODOC COUNTY ROP,California,="0600081",41.480665,-120.545845,†,†,†
MODOC JOINT UNIFIED,California,="0625190",41.487819,-120.555178,10765000,12402,12348
MOJAVE UNIFIED,California,="0625230",35.060800,-118.193100,41675000,14711,13132
MONO COUNTY OFFICE OF EDUCATION,California,="0691052",38.257213,-119.228660,10739000,39337,43209
MONO COUNTY ROC/P,California,="0600155",38.257115,-119.228598,†,†,†
MONROE ELEMENTARY,California,="0625290",36.564560,-119.736800,2643000,15826,16413
MONROVIA UNIFIED,California,="0625320",34.140600,-117.995400,82576000,14844,14824
MONSON-SULTANA JOINT UNION ELEMENTARY,California,="0625350",36.544227,-119.335339,6046000,12728,12345
MONTAGUE ELEMENTARY,California,="0625380",41.728002,-122.521663,2429000,15773,14279
MONTE RIO UNION ELEMENTARY,California,="0625410",38.471372,-123.015039,1751000,19674,20427
MONTEBELLO UNIFIED,California,="0625470",34.009111,-118.108696,431426000,16267,15836
MONTECITO UNION ELEMENTARY,California,="0625500",34.432885,-119.632522,15034000,36668,33829
MONTEREY COUNTY OFFICE OF EDUCATION,California,="0691021",36.653410,-121.639760,149061000,81633,78304
MONTEREY PENINSULA UNIFIED,California,="0625530",36.595405,-121.898479,145198000,13589,13857
MONTGOMERY ELEMENTARY,California,="0625650",38.539125,-123.091467,716000,20457,21171
MOORPARK UNIFIED,California,="0625690",34.281700,-118.896100,77333000,12127,11071
MORAGA ELEMENTARY,California,="0625740",37.834680,-122.131517,26494000,14462,13645
MORELAND,California,="0625770",37.287700,-121.986800,71160000,14810,16219
MORENO VALLEY UNIFIED,California,="0625800",33.917400,-117.215200,477364000,14407,14835
MORGAN HILL UNIFIED,California,="0625830",37.111800,-121.634900,121675000,13323,12213
MORONGO UNIFIED,California,="0625860",34.149928,-116.036044,113052000,13067,12170
MOTHER LODE UNION ELEMENTARY,California,="0625980",38.708490,-120.829211,14056000,13211,16074
MOUNT PLEASANT ELEMENTARY,California,="0626400",37.348329,-121.800763,79675000,34151,34270
MOUNTAIN ELEMENTARY,California,="0626070",37.025829,-121.948927,1665000,13110,13197
MOUNTAIN EMPIRE UNIFIED,California,="0626100",32.734062,-116.492698,27975000,8844,7687
MOUNTAIN HOUSE ELEMENTARY,California,="0626130",37.787240,-121.577821,677000,33850,30050
MOUNTAIN UNION ELEMENTARY,California,="0627040",40.843505,-121.920753,1389000,20731,19164
MOUNTAIN VALLEY UNIFIED,California,="0600018",40.551285,-123.170660,18121000,71625,34099
MOUNTAIN VIEW ELEMENTARY,California,="0626190",34.062462,-118.009313,111228000,16422,17281
MOUNTAIN VIEW ELEMENTARY,California,="0626220",34.026900,-117.593100,36923000,14429,11059
MOUNTAIN VIEW WHISMAN,California,="0626280",37.404680,-122.082861,94991000,18510,34546
MOUNTAIN VIEW-LOS ALTOS UNION HIGH,California,="0626310",37.361300,-122.065400,105712000,24561,22918
MT. BALDY JOINT ELEMENTARY,California,="0626340",34.231021,-117.662507,1281000,13628,12872
MT. DIABLO UNIFIED,California,="0626370",37.986700,-122.006900,440796000,14075,14447
MT. SHASTA UNION ELEMENTARY,California,="0626040",41.318666,-122.309487,6388000,11448,10810
MULBERRY ELEMENTARY,California,="0626430",33.043689,-115.417877,1015000,12531,12037
MUPU ELEMENTARY,California,="0626460",34.383115,-119.068701,1704000,10854,11057
MUROC JOINT UNIFIED,California,="0626490",35.015060,-117.826434,32896000,18005,19548
MURRIETA VALLEY UNIFIED,California,="0600029",33.530300,-117.185200,287845000,12450,12093
N. CO REGIONAL OCCUPATIONAL PROGRAM JPA,California,="0601366",37.352775,-122.037520,–,†,†
NAPA COUNTY OFFICE OF EDUCATION,California,="0691022",38.279418,-122.256758,51079000,456063,336911
NAPA COUNTY ROP,California,="0600080",38.279418,-122.256758,†,†,†
NAPA VALLEY UNIFIED,California,="0626640",38.308730,-122.296941,251178000,13883,14572
NATIONAL ELEMENTARY,California,="0626670",32.673415,-117.090328,80590000,14109,13365
NATOMAS UNIFIED,California,="0600036",38.646700,-121.503200,180668000,12129,13314
NEEDLES UNIFIED,California,="0626760",34.838360,-114.620268,16436000,16962,15475
NEVADA CITY ELEMENTARY,California,="0626820",39.255206,-121.030320,11673000,14030,11394
NEVADA CO CHARTER SERVICES AUTHORITY (JPA),California,="0601417",39.253480,-121.133111,–,†,†
NEVADA COUNTY OFFICE OF EDUCATION,California,="0691023",39.219140,-121.028601,34339000,10628,13192
NEVADA COUNTY PUPIL TRANSPORTATION,California,="0601379",39.241782,-121.053560,10000,†,†
NEVADA JOINT UNION HIGH,California,="0626880",39.241782,-121.053560,48570000,17340,16296
NEW HAVEN UNIFIED,California,="0626910",37.588731,-122.024858,161558000,13912,13828
NEW HOPE ELEMENTARY,California,="0626970",38.227430,-121.424000,3029000,16112,16441
NEW JERUSALEM ELEMENTARY,California,="0627030",37.667956,-121.324130,29048000,6424,6458
NEWARK UNIFIED,California,="0627060",37.542610,-122.031685,81942000,13858,13697
NEWCASTLE ELEMENTARY,California,="0627120",38.874790,-121.134041,20506000,8562,8887
NEWHALL,California,="0627180",34.389200,-118.547000,74916000,11460,11130
NEWMAN-CROWS LANDING UNIFIED,California,="0627200",37.316559,-121.023440,43649000,13959,13729
NEWPORT-MESA UNIFIED,California,="0627240",33.678400,-117.893100,369739000,17413,15451
NICASIO,California,="0627300",38.068360,-122.703600,1318000,30651,26488
NORRIS ELEMENTARY,California,="0627450",35.423151,-119.108937,48583000,11573,10865
NORTH COUNTY JOINT UNION ELEMENTARY,California,="0627480",36.915167,-121.358691,8128000,10881,9865
NORTH COUNTY REGIONAL OCCUPATIONAL CENTER/PROGRAM (ROC/P),California,="0601343",37.351000,-122.035800,744000,†,†
NORTH COW CREEK ELEMENTARY,California,="0627510",40.593432,-122.229527,2654000,10053,10284
NORTH KERN VOCATIONAL TRAINING CENTER,California,="0600074",35.594823,-119.349605,†,†,†
NORTH KERN VOCATIONAL TRAINING CENTER JPA,California,="0601395",35.594584,-119.350175,1151000,†,†
NORTH MONTEREY COUNTY UNIFIED,California,="0627590",36.796611,-121.786444,65247000,14135,15103
NORTH ORANGE COUNTY ROP JPA,California,="0601364",33.836606,-117.950815,17245000,†,†
NORTH ORANGE COUNTY ROP-ADULT,California,="0600121",33.836580,-117.950759,†,†,†
NORTH SANTA CRUZ COUNTY SELPA,California,="0601358",36.984100,-121.985500,371000,†,†
NORTHERN HUMBOLDT UNION HIGH,California,="0603030",40.955237,-124.110150,24936000,14160,14047
NORWALK-LA MIRADA UNIFIED,California,="0627690",33.914100,-118.081700,282893000,15813,15431
NOVATO UNIFIED,California,="0627720",38.109600,-122.578200,118349000,15051,13322
NUESTRO ELEMENTARY,California,="0627750",39.185747,-121.678075,5880000,9816,9257
NUVIEW UNION,California,="0627780",33.821610,-117.131131,30195000,10481,9215
OAK GROVE ELEMENTARY,California,="0627810",37.234551,-121.787363,135720000,13170,15994
OAK GROVE UNION ELEMENTARY,California,="0627840",38.437900,-122.806300,12427000,10062,10578
OAK PARK UNIFIED,California,="0627850",34.171363,-118.767203,50368000,11060,11513
OAK RUN ELEMENTARY,California,="0627870",40.684735,-122.023881,894000,13545,12727
OAK VALLEY UNION ELEMENTARY,California,="0627900",36.233760,-119.420689,6497000,11438,10197
OAK VIEW UNION ELEMENTARY,California,="0627930",38.218170,-121.231600,4471000,11122,10184
OAKDALE JOINT UNIFIED,California,="0600062",37.765300,-120.847300,64037000,12023,11773
OAKLAND UNIFIED,California,="0628050",37.801610,-122.272091,735705000,14646,14078
OAKLEY UNION ELEMENTARY,California,="0628080",37.981500,-121.716300,59589000,11466,12104
OCEAN VIEW,California,="0628170",34.161405,-119.148378,36519000,13907,12919
OCEAN VIEW,California,="0628140",33.711600,-118.021600,111061000,13441,12618
OCEANSIDE UNIFIED,California,="0628250",33.206270,-117.361840,258083000,12615,11725
OJAI UNIFIED,California,="0628270",34.448350,-119.242592,32477000,12898,14120
OLD ADOBE UNION,California,="0628320",38.246000,-122.610900,29527000,14081,14385
ONTARIO-MONTCLAIR,California,="0628470",34.067386,-117.667173,312366000,14804,14950
ORANGE CENTER,California,="0628530",36.682620,-119.780575,5140000,5299,4733
ORANGE COUNTY DEPARTMENT OF EDUCATION,California,="0691024",33.674038,-117.880501,312103000,47729,47241
ORANGE UNIFIED,California,="0628650",33.810700,-117.827000,339727000,12170,12227
ORCHARD ELEMENTARY,California,="0628680",37.387530,-121.902600,16940000,19360,15998
ORCUTT UNION ELEMENTARY,California,="0628710",34.861330,-120.442791,59302000,11400,10840
ORICK ELEMENTARY,California,="0628830",41.287028,-124.058254,477000,25105,31526
ORINDA UNION ELEMENTARY,California,="0628860",37.882690,-122.183061,33536000,13188,14869
ORLAND JOINT UNIFIED,California,="0600045",39.740050,-122.201111,31620000,14110,14439
ORO GRANDE,California,="0628950",34.599522,-117.335134,12314000,3201,2702
OROVILLE CITY ELEMENTARY,California,="0629100",39.513200,-121.546100,31851000,12078,11852
OROVILLE UNION HIGH,California,="0629130",39.509400,-121.547100,33745000,15346,14283
OUTSIDE CREEK ELEMENTARY,California,="0629160",36.269297,-119.206989,1447000,16258,11921
OWENS VALLEY UNIFIED,California,="0629190",36.802979,-118.196706,2294000,24935,24989
OXNARD,California,="0629220",34.212200,-119.178500,233376000,14060,16667
OXNARD UNION HIGH,California,="0629270",34.200136,-119.192005,239731000,13719,13320
PACHECO UNION ELEMENTARY,California,="0629280",40.505387,-122.330630,7726000,12167,11559
PACIFIC ELEMENTARY,California,="0629340",37.011771,-122.194595,1610000,13417,13700
PACIFIC GROVE UNIFIED,California,="0629370",36.622360,-121.916921,40705000,19467,18802
PACIFIC UNION ELEMENTARY,California,="0629430",40.894606,-124.092565,5171000,8809,8295
PACIFIC UNION ELEMENTARY,California,="0629400",36.601800,-119.753400,6582000,16748,16366
PACIFICA,California,="0620460",37.614150,-122.484481,42169000,13542,11546
PAJARO VALLEY UNIFIED,California,="0629490",36.939516,-121.768680,291885000,14393,15493
PALERMO UNION ELEMENTARY,California,="0629540",39.435690,-121.546401,16300000,12814,12606
PALM SPRINGS UNIFIED,California,="0629550",33.823430,-116.537232,372725000,16133,17995
PALMDALE ELEMENTARY,California,="0629580",34.593500,-118.112100,377558000,16576,16154
PALO ALTO UNIFIED,California,="0629610",37.433590,-122.154966,317545000,25924,24499
PALO VERDE UNIFIED,California,="0629640",33.613784,-114.595851,41709000,13875,12762
PALO VERDE UNION ELEMENTARY,California,="0629670",36.144817,-119.357854,7216000,12749,10802
PALOS VERDES PENINSULA UNIFIED,California,="0629700",33.800726,-118.396378,146445000,12907,12560
PANAMA-BUENA VISTA UNION,California,="0606390",35.317400,-119.074400,223736000,12260,13030
PANOCHE ELEMENTARY,California,="0629770",36.606557,-120.859205,217000,72333,57000
PARADISE ELEMENTARY,California,="0629790",37.625090,-121.057600,2195000,†,†
PARADISE UNIFIED,California,="0629820",39.778700,-121.589900,46654000,11079,10113
PARAMOUNT UNIFIED,California,="0629850",33.896083,-118.158459,226812000,14909,14610
PARLIER UNIFIED,California,="0629910",36.616741,-119.529508,51082000,14932,15438
PARTNERS IN NUTRITION COOPERATIVE,California,="0601377",34.697024,-118.137754,16670000,†,†
PASADENA UNIFIED,California,="0629940",34.140200,-118.133900,300890000,16565,16910
PASO ROBLES JOINT UNIFIED,California,="0600048",35.614970,-120.671721,81105000,11804,13019
PATTERSON JOINT UNIFIED,California,="0630030",37.473800,-121.161200,85014000,13930,13104
PENINSULA UNION,California,="0630090",40.822183,-124.182727,738000,19946,18595
PENN VALLEY UNION ELEMENTARY,CALIFORNIA,="0601427",39.256040,-121.198925,7267000,12954,13196
PERRIS ELEMENTARY,California,="0630180",33.785500,-117.227100,86278000,14572,14626
PERRIS UNION HIGH,California,="0630210",33.782300,-117.227100,156377000,14421,15214
PETALUMA CITY ELEMENTARY,California,="0630230",38.229120,-122.644031,†,†,†
PETALUMA CITY ELEMENTARY/JOINT UNION HIGH,California,="0601328",38.229000,-122.643700,105576000,13661,14212
PETALUMA JOINT UNION HIGH,California,="0630250",38.229000,-122.643700,†,†,†
PIEDMONT CITY UNIFIED,California,="0630330",37.822490,-122.233211,53176000,20273,21035
PIERCE JOINT UNIFIED,California,="0630360",39.016688,-122.057852,18729000,12715,16322
PINE RIDGE ELEMENTARY,California,="0630390",37.061268,-119.369001,2528000,25796,24908
PINER-OLIVET UNION ELEMENTARY,California,="0630450",38.473598,-122.746152,21252000,15649,13803
PIONEER UNION ELEMENTARY,California,="0630520",39.625357,-121.374577,1130000,16866,16134
PIONEER UNION ELEMENTARY,California,="0630480",38.605938,-120.713712,3991000,13128,11816
PIONEER UNION ELEMENTARY,California,="0630510",36.345748,-119.687541,18181000,†,†
PITTSBURG UNIFIED,California,="0630600",38.020200,-121.888300,172966000,14992,15987
PIXLEY UNION ELEMENTARY,California,="0630630",35.973331,-119.280733,16356000,15257,15282
PLACENTIA-YORBA LINDA UNIFIED,California,="0630660",33.870390,-117.838051,334382000,12990,12300
PLACER COUNTY OFFICE OF EDUCATION,California,="0691025",38.906526,-121.081162,119582000,142360,125526
PLACER HILLS UNION ELEMENTARY,California,="0630720",38.996000,-121.023931,9081000,12491,11890
PLACER UNION HIGH,California,="0630750",38.940197,-121.079609,58122000,14397,14214
PLACERVILLE UNION ELEMENTARY,California,="0630780",38.727815,-120.793263,14909000,11639,11364
PLAINSBURG UNION ELEMENTARY,California,="0630810",37.233110,-120.324800,1473000,12275,10283
PLANADA ELEMENTARY,California,="0630840",37.293186,-120.311871,11221000,13939,15007
PLAZA ELEMENTARY,California,="0630870",39.711732,-122.106354,2257000,10799,10742
PLEASANT GROVE JOINT UNION,California,="0630900",38.823384,-121.504086,2005000,10897,10402
PLEASANT RIDGE UNION ELEMENTARY,California,="0630930",39.051274,-121.066807,12799000,11357,11144
PLEASANT VALLEY,California,="0630990",34.223338,-119.029156,82676000,11557,11282
PLEASANT VALLEY JOINT UNION ELEMENTARY,California,="0631020",35.711520,-120.614201,1643000,19795,18157
PLEASANT VIEW ELEMENTARY,California,="0631050",36.043870,-119.160549,6875000,14504,13546
PLEASANTON UNIFIED,California,="0600020",37.655820,-121.876561,202451000,13620,12933
PLUMAS COUNTY OFFICE OF EDUCATION,California,="0691102",39.934140,-120.911491,4345000,†,†
PLUMAS COUNTY ROP,California,="0600083",39.936180,-120.943691,†,†,†
PLUMAS LAKE ELEMENTARY,California,="0631180",39.027419,-121.515891,15115000,12160,11269
PLUMAS UNIFIED,California,="0631170",39.934140,-120.911491,33526000,15615,15651
POINT ARENA JOINT UNION HIGH,California,="0631230",38.913200,-123.693600,†,†,†
POLLOCK PINES ELEMENTARY,California,="0631290",38.745830,-120.578111,8180000,11669,13194
POMONA UNIFIED,California,="0631320",34.051876,-117.749259,433322000,18252,18385
POND UNION ELEMENTARY,California,="0631350",35.717351,-119.312842,2949000,15280,16425
POPE VALLEY UNION ELEMENTARY,California,="0631380",38.623402,-122.438600,1705000,29912,40649
PORTERVILLE UNIFIED,California,="0600064",36.077453,-119.031348,205722000,14258,15325
PORTOLA VALLEY ELEMENTARY,California,="0631470",37.368020,-122.212242,17430000,28621,27386
POTTER VALLEY COMMUNITY UNIFIED,California,="0631400",39.321306,-123.105058,4393000,17227,23533
POWAY UNIFIED,California,="0631530",32.993400,-117.081300,492990000,13500,12610
PRINCETON JOINT UNIFIED,California,="0631620",39.401067,-122.011186,2875000,17424,21521
PUPIL TRANSPORTATION CO-OP JPA,California,="0601373",33.954324,-118.046125,12933000,†,†
RAISIN CITY ELEMENTARY,California,="0631680",36.600398,-119.906280,10584000,†,†
RAMONA CITY UNIFIED,California,="0631710",33.039168,-116.863533,63815000,11542,11420
RANCHO SANTA FE ELEMENTARY,California,="0631740",33.021393,-117.206763,15399000,24099,23595
RAVENDALE-TERMO ELEMENTARY,California,="0631830",40.838793,-120.513009,418000,1208,853
RAVENSWOOD CITY ELEMENTARY,California,="0631860",37.463737,-122.143509,68718000,18920,16382
RAYMOND-KNOWLES UNION ELEMENTARY,California,="0631920",37.211290,-119.909661,1169000,14432,14111
RED BLUFF JOINT UNION HIGH,California,="0632010",40.178055,-122.252348,23445000,14209,16881
RED BLUFF UNION ELEMENTARY,California,="0631980",40.156400,-122.250500,25531000,12546,12392
REDDING ELEMENTARY,California,="0632040",40.530902,-122.372627,41629000,12646,13012
REDLANDS UNIFIED,California,="0632070",34.070567,-117.183032,267233000,12569,11533
REDONDO BEACH UNIFIED,California,="0600032",33.886200,-118.361800,136312000,13718,13675
REDWOOD CITY ELEMENTARY,California,="0632130",37.488493,-122.227427,164095000,18641,13874
REED UNION ELEMENTARY,California,="0632160",37.902860,-122.497744,27576000,19097,16819
REEDS CREEK ELEMENTARY,California,="0632250",40.156440,-122.355161,1931000,12069,10256
REEF-SUNSET UNIFIED,California,="0632270",36.008320,-120.125321,46424000,17426,14610
RESCUE UNION ELEMENTARY,California,="0632310",38.696263,-121.008112,44630000,12298,12875
RIALTO UNIFIED,California,="0632370",34.130600,-117.371500,359450000,14107,13915
RICHFIELD ELEMENTARY,California,="0632400",39.974631,-122.144577,2859000,11528,10653
RICHGROVE ELEMENTARY,California,="0632430",35.799938,-119.105060,12701000,20065,17488
RICHLAND UNION ELEMENTARY,California,="0621450",35.503883,-119.282478,44467000,12796,12413
RICHMOND ELEMENTARY,California,="0632520",40.371334,-120.640196,2112000,9962,8604
RIM OF THE WORLD UNIFIED,California,="0632610",34.247730,-117.207061,43976000,13135,12098
RINCON VALLEY UNION ELEMENTARY,California,="0632640",38.444096,-122.674651,52302000,15195,17533
RIO BRAVO-GREELEY UNION ELEMENTARY,California,="0632710",35.418100,-119.252000,13687000,13301,10672
RIO DELL ELEMENTARY,California,="0632730",40.501827,-124.104478,4096000,12300,11904
RIO ELEMENTARY,California,="0632760",34.233200,-119.172200,79183000,15557,17729
RIPON UNIFIED,California,="0632880",37.742130,-121.127831,38740000,8939,9217
RIVER DELTA JOINT UNIFIED,California,="0633110",38.157390,-121.694911,29371000,12649,10546
RIVERBANK UNIFIED,California,="0600061",37.736832,-120.929222,43206000,14460,13989
RIVERDALE JOINT UNIFIED,California,="0600040",36.430900,-119.856800,23417000,14437,13814
RIVERSIDE COUNTY OFFICE OF EDUCATION,California,="0691026",33.978924,-117.380453,338020000,36021,34578
RIVERSIDE COUNTY OFFICE OF EDUCATION ROP,California,="0600094",33.978924,-117.380453,†,†,†
RIVERSIDE UNIFIED,California,="0633150",33.974300,-117.374400,570875000,13455,13296
ROBERTS FERRY UNION ELEMENTARY,California,="0633210",37.638260,-120.618900,1933000,13424,11882
ROBLA ELEMENTARY,California,="0633240",38.662600,-121.447200,37513000,15997,18262
ROCKFORD ELEMENTARY,California,="0633270",36.061505,-119.108303,4090000,11457,11020
ROCKLIN UNIFIED,California,="0600013",38.791800,-121.222500,160716000,11847,10003
ROMOLAND ELEMENTARY,California,="0633390",33.745000,-117.119100,51263000,13104,13117
ROSEDALE UNION ELEMENTARY,California,="0633480",35.383257,-119.137314,72919000,12574,12322
ROSELAND,California,="0633510",38.422773,-122.735468,54342000,18908,17435
ROSEMEAD ELEMENTARY,California,="0633570",34.078900,-118.073300,40579000,16644,16529
ROSEVILLE CITY ELEMENTARY,California,="0633600",38.752547,-121.306489,132091000,12174,11715
ROSEVILLE JOINT UNION HIGH,California,="0633630",38.727510,-121.259171,150411000,14629,14579
ROSS ELEMENTARY,California,="0633660",37.961293,-122.558082,9926000,25649,22674
ROSS VALLEY ELEMENTARY,California,="0600006",37.982310,-122.562248,34546000,16498,16203
ROUND VALLEY JOINT ELEMENTARY,California,="0633690",37.418700,-118.586161,1620000,11329,12112
ROUND VALLEY UNIFIED,California,="0633720",39.794400,-123.257900,8308000,18100,18301
ROWLAND UNIFIED,California,="0633750",33.985314,-117.888584,215076000,15219,15708
SACRAMENTO CITY UNIFIED,California,="0633840",38.511420,-121.438441,665745000,14288,14258
SACRAMENTO COUNTY OFFICE OF EDUCATION,California,="0691027",38.566160,-121.299161,160283000,72330,74116
SACRAMENTO COUNTY ROP,California,="0600095",38.566229,-121.296237,†,†,†
SADDLEBACK VALLEY UNIFIED,California,="0633860",33.621530,-117.683901,340580000,12440,11878
SAINT HELENA UNIFIED,California,="0637830",38.497340,-122.461821,39903000,33476,30206
SALIDA UNION ELEMENTARY,California,="0633900",37.707700,-121.077500,33923000,10239,9719
SALINAS CITY ELEMENTARY,California,="0633930",36.664400,-121.657200,119722000,13537,13429
SALINAS UNION HIGH,California,="0633980",36.672500,-121.664500,212590000,13601,15834
SAN ANTONIO ROP,California,="0601367",34.063499,-117.755065,168000,†,†
SAN ANTONIO ROP,California,="0600114",34.063499,-117.755065,†,†,†
SAN ANTONIO UNION ELEMENTARY,California,="0634050",35.943558,-121.082704,2434000,16558,16388
SAN ARDO UNION ELEMENTARY,California,="0634080",36.018712,-120.905678,1750000,†,†
SAN BENITO COUNTY OFFICE OF EDUCATION,California,="0691028",36.851700,-121.405000,15791000,†,†
SAN BENITO HIGH,California,="0634140",36.837980,-121.404361,42545000,13876,22501
SAN BERNARDINO CITY UNIFIED,California,="0634170",34.113071,-117.295741,774713000,14610,14702
SAN BERNARDINO COUNTY OFFICE OF EDUCATION,California,="0691029",34.110525,-117.293775,418179000,126644,126560
SAN BERNARDINO COUNTY ROP,California,="0600132",34.101568,-117.287690,†,†,†
SAN BRUNO PARK ELEMENTARY,California,="0634230",37.622300,-122.416100,34740000,13154,12816
SAN CARLOS ELEMENTARY,California,="0634290",37.501270,-122.247601,57573000,16222,16586
SAN DIEGO COUNTY OFFICE OF EDUCATION,California,="0691030",32.769586,-117.179835,499617000,148166,135517
SAN DIEGO COUNTY ROP,California,="0600138",32.770054,-117.179556,†,†,†
SAN DIEGO UNIFIED,California,="0634320",32.755280,-117.147591,1913273000,15137,15100
SAN DIEGUITO UNION HIGH,California,="0634380",33.048700,-117.276700,178466000,13662,17084
SAN FRANCISCO COUNTY OFFICE OF EDUCATION,California,="0691111",37.779400,-122.421900,109120000,372423,381205
SAN FRANCISCO COUNTY ROP,California,="0600139",37.779190,-122.422181,†,†,†
SAN FRANCISCO UNIFIED,California,="0634410",37.779400,-122.421900,1046962000,17373,16807
SAN GABRIEL UNIFIED,California,="0634425",34.097554,-118.104626,76594000,10573,10861
SAN JACINTO UNIFIED,California,="0634440",33.765254,-116.958320,142671000,12465,12601
SAN JOAQUIN COUNTY OFFICE OF EDUCATION,California,="0691031",37.905947,-121.229651,235188000,51396,48170
SAN JOAQUIN COUNTY ROP,California,="0600140",37.954000,-121.288100,3368000,†,†
SAN JOAQUIN DATA PROCESSING JPA,California,="0601369",37.905200,-121.230100,–,†,†
SAN JOSE UNIFIED,California,="0634590",37.335500,-121.911100,446585000,14082,14343
SAN JUAN UNIFIED,California,="0634620",38.633300,-121.345900,653967000,13068,13050
SAN LEANDRO UNIFIED,California,="0634680",37.727300,-122.157181,128166000,14433,14278
SAN LORENZO UNIFIED,California,="0634710",37.689200,-122.128800,146872000,12738,13309
SAN LORENZO VALLEY UNIFIED,California,="0634740",37.084672,-122.074799,44647000,8933,6410
SAN LUCAS UNION ELEMENTARY,California,="0634770",36.129960,-121.016446,1106000,14946,15108
SAN LUIS COASTAL UNIFIED,California,="0634800",35.281277,-120.649856,110505000,14250,17100
SAN LUIS OBISPO COUNTY OFFICE OF EDUCATION,California,="0691032",35.334355,-120.742844,62587000,156077,120838
SAN MARCOS UNIFIED,California,="0634880",33.142300,-117.165700,304730000,14506,15219
SAN MARINO UNIFIED,California,="0634860",34.118216,-118.112195,51305000,16701,16731
SAN MATEO COUNTY OFFICE OF EDUCATION,California,="0691033",37.525894,-122.263084,171417000,565733,590129
SAN MATEO COUNTY ROP,California,="0600142",37.525800,-122.262951,†,†,†
SAN MATEO UNION HIGH,California,="0634980",37.578280,-122.331840,218500000,23039,22822
SAN MATEO-FOSTER CITY,California,="0634920",37.566160,-122.273481,166455000,14062,14775
SAN MIGUEL JOINT UNION,California,="0635010",35.757136,-120.697498,12213000,13555,12417
SAN PASQUAL UNION ELEMENTARY,California,="0635040",33.110556,-117.011759,6772000,11537,10889
SAN PASQUAL VALLEY UNIFIED,California,="0635070",32.751080,-114.598356,15935000,22318,21866
SAN RAFAEL CITY ELEMENTARY,California,="0635090",38.001200,-122.553200,78601000,16618,14463
SAN RAFAEL CITY HIGH,California,="0635110",38.001190,-122.553941,45273000,17097,22905
SAN RAMON VALLEY UNIFIED,California,="0635130",37.812444,-121.977672,399254000,12283,13121
SAN YSIDRO ELEMENTARY,California,="0635220",32.564260,-117.039991,73991000,15633,22029
SANGER UNIFIED,California,="0635250",36.705589,-119.563569,170112000,14057,14031
SANTA ANA UNIFIED,California,="0635310",33.742600,-117.846700,803590000,15125,14067
SANTA BARBARA COUNTY OFFICE OF EDUCATION,California,="0691034",34.451993,-119.769639,84708000,320864,233723
SANTA BARBARA COUNTY ROP,California,="0600133",34.444300,-119.753900,†,†,†
SANTA BARBARA COUNTY SELPA JPA,California,="0601404",34.446500,-119.830700,5432000,†,†
SANTA BARBARA UNIFIED,California,="0601414",34.421920,-119.695691,221356000,14716,14232
SANTA CLARA COUNTY OFFICE OF EDUCATION,California,="0691035",37.384060,-121.901200,324604000,27875,22131
SANTA CLARA COUNTY ROP,California,="0600137",37.352200,-122.035000,†,†,†
SANTA CLARA ELEMENTARY,California,="0635490",34.376275,-118.999904,693000,11948,12552
SANTA CLARA UNIFIED,California,="0635430",37.357381,-121.995476,366592000,23637,20916
SANTA CLARITA VLLY SCH FOOD SVS AGENCY JPA,California,="0601361",34.429800,-118.575500,10697000,†,†
SANTA CRUZ CITY ELEMENTARY,California,="0635590",36.991800,-121.957300,†,†,†
SANTA CRUZ CITY ELEMENTARY/HIGH,California,="0601327",36.991800,-121.957300,108779000,16156,16288
SANTA CRUZ CITY HIGH,California,="0635600",36.991780,-121.959561,†,†,†
SANTA CRUZ COUNTY OFFICE OF EDUCATION,California,="0691036",36.987962,-122.039000,61838000,44875,41664
SANTA CRUZ COUNTY ROP,California,="0600143",36.987239,-122.038543,†,†,†
SANTA MARIA JOINT UNION HIGH,California,="0635670",34.912800,-120.454000,120713000,15186,15834
SANTA MARIA-BONITA,California,="0605580",34.945400,-120.431500,231864000,13542,14068
SANTA MONICA-MALIBU UNIFIED,California,="0635700",34.022301,-118.478995,249271000,23068,24745
SANTA PAULA UNIFIED,California,="0601421",34.345890,-119.078581,79747000,15030,15402
SANTA RITA UNION ELEMENTARY,California,="0635790",36.732200,-121.648000,44549000,12486,11140
SANTA ROSA CITY SCHOOLS,California,="0601329",38.449300,-122.723200,226559000,13788,14051
SANTA ROSA ELEMENTARY,California,="0635810",38.449300,-122.723200,†,†,†
SANTA ROSA HIGH,California,="0635830",38.449300,-122.723200,†,†,†
SANTA YNEZ VALLEY UNION HIGH,California,="0635850",34.608492,-120.099684,15351000,16262,18032
SANTEE,California,="0635880",32.853105,-116.982899,84592000,12462,11305
SARATOGA UNION ELEMENTARY,California,="0635910",37.255504,-122.031707,38899000,21408,18895
SAUCELITO ELEMENTARY,California,="0635940",35.978332,-119.178447,1063000,12360,14023
SAUGUS UNION,California,="0635970",34.439142,-118.571802,173166000,17386,15747
SAUSALITO MARIN CITY,California,="0636000",37.872590,-122.513621,11604000,21569,21801
SAVANNA ELEMENTARY,California,="0636030",33.813852,-118.010180,34134000,15024,13248
SBC - HIGH TECH HIGH,California,="0601322",32.734000,-117.215100,–,="0",†
SBE - ACADEMIA AVANCE CHARTER,CALIFORNIA,="0601435",34.107370,-118.198171,–,="0",†
SBE - ANAHUACALMECAC INTERNATIONAL UNIV PREP OF N. AMERICA,CALIFORNIA,="0601430",34.085085,-118.181545,–,="0",†
SBE - AUDEO CHARTER II,CALIFORNIA,="0601441",33.178292,-117.330846,–,="0",†
SBE - BARACK OBAMA CHARTER,California,="0601336",33.911106,-118.271082,–,="0",†
SBE - BAYPOINT PREPARATORY ACADEMY,CALIFORNIA,="0601434",33.742830,-116.956541,–,="0",†
SBE - CELERITY HIMALIA,CALIFORNIA,="0601446",34.002535,-118.259296,–,="0",†
SBE - CELERITY ROLAS,CALIFORNIA,="0601448",34.139620,-118.197398,–,="0",†
SBE - GROSSMONT SECONDARY,CALIFORNIA,="0601445",32.807013,-116.963084,–,="0",†
SBE - LIFELINE EDUCATION CHARTER,California,="0601323",33.894630,-118.216071,–,="0",†
SBE - MAGNOLIA SCIENCE ACADEMY SANTA ANA,CALIFORNIA,="0601425",33.744520,-117.908161,–,="0",†
SBE - NEW WEST CHARTER,California,="0600134",34.032510,-118.444571,7467000,9051,10492
SBE - OLIVE GROVE CHARTER,CALIFORNIA,="0601436",34.943580,-119.673681,–,="0",†
SBE - ONEPURPOSE,CALIFORNIA,="0601433",37.718214,-122.389809,–,="0",†
SBE - PARAMOUNT COLLEGIATE ACADEMY,CALIFORNIA,="0601432",38.609630,-121.370411,–,="0",†
SBE - PREPA TEC LOS ANGELES HIGH,CALIFORNIA,="0601438",33.978355,-118.192142,–,="0",†
SBE - RIDGECREST CHARTER,California,="0600071",35.617379,-117.689146,–,="0",†
SBE - ROCKETSHIP FUTURO ACADEMY,CALIFORNIA,="0601439",37.965690,-121.960931,–,="0",†
SBE - ROSS VALLEY ELEMENTARY,CALIFORNIA,="0601444",38.003429,-122.606705,–,="0",†
SBE - SWEETWATER SECONDARY,CALIFORNIA,="0601447",32.648670,-117.053321,–,="0",†
SBE - THE NEW SCHOOL OF SAN FRANCISCO,CALIFORNIA,="0601431",37.760120,-122.411361,–,="0",†
SBE - THE SCHOOL OF ARTS AND ENTERPRISE,California,="0600136",34.060236,-117.750560,–,="0",†
SBE - THRIVE PUBLIC,CALIFORNIA,="0601429",32.754060,-117.080001,–,="0",†
SCHOOL PROJECT UTILITY RATE REDUCTION,California,="0601365",37.658353,-122.097894,–,†,†
SCOTIA UNION ELEMENTARY,California,="0636100",40.486237,-124.101659,2555000,13307,12198
SCOTT VALLEY UNIFIED,California,="0600159",41.606967,-122.841723,9756000,14263,13503
SCOTTS VALLEY UNIFIED,California,="0600043",37.046900,-122.018600,31937000,12930,20908
SEBASTOPOL UNION ELEMENTARY,California,="0636180",38.400428,-122.830947,12484000,13794,12607
SEELEY UNION ELEMENTARY,California,="0636210",32.795733,-115.691169,5317000,14527,13828
SEIAD ELEMENTARY,California,="0636240",41.842103,-123.193115,419000,24647,28588
SELMA UNIFIED,California,="0636270",36.578707,-119.619216,90763000,14070,13987
SEMITROPIC ELEMENTARY,California,="0636330",35.602232,-119.507938,2997000,13940,14200
SEQUOIA UNION ELEMENTARY,California,="0636360",36.375969,-119.036781,3509000,10538,10754
SEQUOIA UNION HIGH,California,="0636390",37.482100,-122.236000,222056000,22159,25619
SHAFFER UNION ELEMENTARY,California,="0636420",40.382272,-120.382257,2580000,15542,14506
SHANDON JOINT UNIFIED,California,="0636450",35.653930,-120.376291,5434000,16928,22769
SHASTA COUNTY OFFICE OF EDUCATION,California,="0691037",40.580120,-122.401521,67942000,112487,112036
SHASTA UNION ELEMENTARY,California,="0636570",40.590381,-122.487892,1739000,11147,11256
SHASTA UNION HIGH,California,="0636600",40.587380,-122.404562,74945000,13371,13737
SHASTA-TRINITY ROP,California,="0600125",40.546841,-122.385476,†,†,†
SHASTA-TRINITY ROP JPA,California,="0601402",40.546808,-122.385509,1326000,†,†
SHILOH ELEMENTARY,California,="0636660",37.609659,-121.115978,2105000,12914,13307
SHORELINE UNIFIED,California,="0636670",38.245420,-122.903650,16577000,32504,30200
SIERRA COUNTY OFFICE OF EDUCATION,California,="0691120",39.680072,-120.249059,2333000,†,†
SIERRA SANDS UNIFIED,California,="0636800",35.633274,-117.671567,86738000,17058,17579
SIERRA UNIFIED,California,="0636805",37.036754,-119.523866,18140000,14040,13669
SIERRA-PLUMAS JOINT UNIFIED,California,="0636780",39.680072,-120.249059,6485000,15934,15641
SILICON VALLEY JOINT POWERS TRANSPORTATION AGENCY,California,="0601372",37.357381,-121.995476,–,†,†
SILVER FORK ELEMENTARY,California,="0636810",38.746800,-120.579400,508000,84667,72333
SILVER VALLEY UNIFIED,California,="0636820",34.895030,-116.887395,33881000,16103,15019
SIMI VALLEY UNIFIED,California,="0636840",34.279529,-118.781520,234493000,13957,14264
SISKIYOU COUNTY OFFICE OF EDUCATION,California,="0691038",41.727856,-122.643286,24507000,41188,34840
SISKIYOU ROP,California,="0600127",41.738452,-122.637564,†,†,†
SISKIYOU UNION HIGH,California,="0636940",41.321074,-122.305185,10107000,18648,19271
SNELLING-MERCED FALLS UNION ELEMENTARY,California,="0636960",37.522256,-120.434286,1171000,14280,18683
SNOWLINE JOINT UNIFIED,California,="0636970",34.418657,-117.573042,94608000,12521,12192
SOLANA BEACH ELEMENTARY,California,="0636990",32.989300,-117.268500,79220000,27167,34643
SOLANO COUNTY OFFICE OF EDUCATION,California,="0691122",38.217100,-122.144800,67460000,169497,172116
SOLEDAD UNIFIED,California,="0637050",36.427580,-121.318518,74194000,15197,19365
SOLVANG ELEMENTARY,California,="0637110",34.598100,-120.141600,10455000,17425,10742
SOMIS UNION,California,="0637140",34.257702,-118.998025,3872000,14835,15387
SONOMA COUNTY OFFICE OF EDUCATION,California,="0691040",38.512252,-122.798127,129690000,225548,220117
SONOMA COUNTY ROP,California,="0600129",38.512264,-122.798110,†,†,†
SONOMA VALLEY UNIFIED,California,="0637200",38.312800,-122.492900,70293000,15793,16181
SONORA ELEMENTARY,California,="0637230",37.980261,-120.370292,8191000,10951,11210
SONORA UNION HIGH,California,="0637260",37.990177,-120.385293,15498000,14363,14387
SOQUEL UNION ELEMENTARY,California,="0637290",36.978900,-121.948300,27963000,14238,14894
SOULSBYVILLE ELEMENTARY,California,="0637320",37.989890,-120.265504,5884000,11102,9847
SOUTH BAY UNION,California,="0637380",32.580036,-117.120141,106848000,14480,14379
SOUTH BAY UNION ELEMENTARY,California,="0637350",40.734570,-124.208687,11148000,12210,11341
SOUTH COUNTY SUPPORT SERVICES AGENCY,California,="0601368",36.494104,-119.790065,3678000,†,†
SOUTH FORK UNION,California,="0637470",35.646837,-118.274727,3805000,15531,14424
SOUTH MONTEREY COUNTY JOINT UNION HIGH,California,="0619650",36.208231,-121.134821,34009000,14386,13739
SOUTH PASADENA UNIFIED,California,="0637500",34.114892,-118.155721,63933000,13336,14054
SOUTH SAN FRANCISCO UNIFIED,California,="0637530",37.648383,-122.428439,119977000,13779,16031
SOUTH WHITTIER ELEMENTARY,California,="0637560",33.929398,-118.039164,42232000,15186,15139
SOUTHERN CALIFORNIA ROC,California,="0600107",33.824260,-118.327256,†,†,†
SOUTHERN CALIFORNIA ROP,California,="0601386",33.824834,-118.326504,9958000,†,†
SOUTHERN HUMBOLDT JOINT UNIFIED,California,="0637590",40.235800,-123.821900,11206000,14203,23888
SOUTHERN KERN UNIFIED,California,="0637620",34.864639,-118.178999,48586000,13648,16817
SOUTHERN PLACER SCHOOLS TRANSPORTATION AUTHORITY,California,="0601391",38.736300,-121.198000,54000,†,†
SOUTHERN TRINITY JOINT UNIFIED,California,="0637630",40.455370,-123.528762,2979000,35892,33072
SOUTHSIDE ELEMENTARY,California,="0637650",36.800689,-121.364948,2200000,9607,9140
SOUTHWEST TRANSPORTATION AGENCY,California,="0601394",36.494104,-119.790065,5172000,†,†
SPENCER VALLEY ELEMENTARY,California,="0637680",33.096564,-116.645535,4043000,1718,1514
SPRECKELS UNION ELEMENTARY,California,="0637710",36.626108,-121.642496,10840000,10983,9624
SPRINGVILLE UNION ELEMENTARY,California,="0637770",36.130525,-118.822513,3822000,11547,10426
STANDARD ELEMENTARY,California,="0637890",35.416247,-119.020659,42241000,13561,12959
STANISLAUS COUNTY OFFICE OF EDUCATION,California,="0691041",37.639220,-120.996011,229526000,93722,84158
STANISLAUS UNION ELEMENTARY,California,="0637950",37.677600,-121.029100,42568000,12083,11443
STOCKTON UNIFIED,California,="0638010",37.959450,-121.296098,553981000,13565,13628
STONE CORRAL ELEMENTARY,California,="0638040",36.484435,-119.224104,12218000,19738,17564
STONY CREEK JOINT UNIFIED,California,="0638070",39.606861,-122.538381,2223000,26153,25200
STRATHMORE UNION ELEMENTARY,California,="0638130",36.149300,-119.062600,15098000,18944,12708
SULPHUR SPRINGS UNION,California,="0638220",34.407899,-118.467091,66168000,12265,11944
SUMMERVILLE ELEMENTARY,California,="0638250",37.957029,-120.235516,4569000,11596,11343
SUMMERVILLE UNION HIGH,California,="0638280",37.961514,-120.255415,16505000,14710,12754
SUNDALE UNION ELEMENTARY,California,="0638340",36.225951,-119.261131,8842000,10692,10318
SUNNYSIDE UNION ELEMENTARY,California,="0638430",36.145630,-119.087800,5212000,14891,14209
SUNNYVALE,California,="0638460",37.374811,-122.040514,106613000,16215,18925
SUNOL GLEN UNIFIED,California,="0600021",37.592610,-121.884500,4037000,13778,12509
SURPRISE VALLEY JOINT UNIFIED,California,="0638520",41.527220,-120.178600,2237000,20713,20537
SUSANVILLE ELEMENTARY,California,="0638550",40.413770,-120.645271,12283000,11006,9578
SUTTER COUNTY OFFICE OF EDUCATION,California,="0691042",39.139100,-121.652481,44757000,108370,102765
SUTTER UNION HIGH,California,="0638610",39.167018,-121.755876,8811000,11167,10982
SWEETWATER UNION HIGH,California,="0638640",32.610180,-117.077172,579735000,14231,14742
SYLVAN UNION ELEMENTARY,California,="0638670",37.689000,-120.985700,95041000,11407,10976
TAFT CITY,California,="0638700",35.148728,-119.456526,33871000,14556,12830
TAFT UNION HIGH,California,="0638730",35.146256,-119.460383,28875000,28226,30891
TAHOE-TRUCKEE UNIFIED,California,="0638770",39.324738,-120.209113,98209000,23762,29075
TAMALPAIS UNION HIGH,California,="0638790",37.938054,-122.523440,101087000,20938,20674
TEHACHAPI UNIFIED,California,="0638880",35.129330,-118.446211,54097000,12146,10775
TEHAMA COUNTY DEPARTMENT OF EDUCATION,California,="0691043",40.178380,-122.245701,27155000,111291,109811
TEHAMA COUNTY ROP,California,="0600146",40.178311,-122.245492,†,†,†
TEMECULA VALLEY UNIFIED,California,="0600028",33.505262,-117.113470,348609000,11627,10518
TEMPLE CITY UNIFIED,California,="0638980",34.106894,-118.057544,73485000,12602,14380
TEMPLETON UNIFIED,California,="0639000",35.544754,-120.711374,28052000,11836,15601
TERRA BELLA UNION ELEMENTARY,California,="0639060",35.955218,-119.036866,12914000,14037,13454
THERMALITO UNION ELEMENTARY,California,="0639180",39.519200,-121.574400,23147000,14934,13123
THREE RIVERS UNION ELEMENTARY,California,="0639210",36.442560,-118.901621,1852000,12685,9596
TIPTON ELEMENTARY,California,="0639300",36.061699,-119.308673,7990000,13565,19380
TORRANCE UNIFIED,California,="0639420",33.827200,-118.320300,295029000,12557,15455
TRACY JOINT UNIFIED,California,="0600047",37.747703,-121.451172,202325000,12461,13658
TRAVER JOINT ELEMENTARY,California,="0639600",36.454939,-119.483478,3271000,15144,13995
TRAVIS UNIFIED,California,="0639630",38.282549,-121.961167,75570000,13805,15123
TRES PINOS UNION ELEMENTARY,California,="0639690",36.801235,-121.336183,1190000,9520,9696
TRI-CITIES ROP,California,="0601346",33.971730,-118.079463,6391000,†,†
TRI-CITIES ROP,California,="0600106",33.971730,-118.079463,†,†,†
TRI-COUNTY ROP,California,="0600145",39.135700,-121.606100,†,†,†
TRI-VALLEY ROP,California,="0600084",37.669590,-121.775131,†,†,†
TRI-VALLEY ROP JPA,California,="0601388",37.669186,-121.774724,5994000,†,†
TRINIDAD UNION ELEMENTARY,California,="0639720",41.060359,-124.143881,2420000,11469,11469
TRINITY ALPS UNIFIED,California,="0601331",40.739653,-122.947791,11004000,14536,14309
TRINITY CENTER ELEMENTARY,California,="0639750",40.983202,-122.706780,332000,27667,22250
TRINITY COUNTY OFFICE OF EDUCATION,California,="0691044",40.737330,-122.947891,9044000,97247,93000
TRONA JOINT UNIFIED,California,="0639840",35.770643,-117.370026,10496000,8703,7724
TULARE CITY,California,="0639870",36.217114,-119.337324,123236000,12980,12767
TULARE COUNTY OFFICE OF EDUCATION,California,="0691045",36.274308,-119.311639,234093000,73291,72080
TULARE JOINT UNION HIGH,California,="0639930",36.214100,-119.331000,85913000,15497,15184
TULELAKE BASIN JOINT UNIFIED,California,="0639940",41.950798,-121.475533,6781000,16785,16584
TUOLUMNE COUNTY SUPERINTENDENT OF SCHOOLS,California,="0691046",37.979040,-120.391277,12876000,56973,54509
TURLOCK UNIFIED,California,="0600158",37.500100,-120.827100,191017000,13413,12611
TUSTIN UNIFIED,California,="0640150",33.743100,-117.824900,316172000,13166,12601
TWAIN HARTE,California,="0640200",38.038915,-120.227394,4348000,16346,20421
TWIN HILLS UNION ELEMENTARY,California,="0640230",38.388742,-122.852168,13925000,11546,10909
TWIN RIDGES ELEMENTARY,California,="0600012",39.374010,-120.995031,2159000,22258,20247
TWIN RIVERS UNIFIED,California,="0601332",38.659870,-121.388701,466676000,14342,14905
TWO ROCK UNION,California,="0640260",38.254869,-122.779337,2465000,16006,15636
UKIAH UNIFIED,California,="0640300",39.147324,-123.198511,89546000,13541,13092
UNION ELEMENTARY,California,="0640320",37.243863,-121.931722,74404000,12844,16137
UNION HILL ELEMENTARY,California,="0640380",39.206300,-121.036171,8156000,11552,10666
UPLAND UNIFIED,California,="0600016",34.098200,-117.651000,141070000,12927,12373
UPPER LAKE UNIFIED,CALIFORNIA,="0601442",39.165050,-122.901131,11227000,13397,15140
UPPER LAKE UNION ELEMENTARY,California,="0640470",39.165511,-122.904907,–,†,†
UPPER LAKE UNION HIGH,California,="0640500",39.165062,-122.902281,–,†,†
VACAVILLE UNIFIED,California,="0640590",38.364800,-121.952800,152384000,11577,14187
VAL VERDE UNIFIED,California,="0691135",33.836972,-117.246808,513681000,25374,26194
VALLE LINDO ELEMENTARY,California,="0640650",34.044239,-118.047189,14050000,13394,13871
VALLECITO UNION,California,="0640680",38.203574,-120.364752,9224000,16268,14945
VALLECITOS ELEMENTARY,California,="0640710",33.413501,-117.148715,3786000,10260,7268
VALLEJO CITY UNIFIED,California,="0640740",38.106244,-122.280033,184215000,12733,11714
VALLEY CENTER-PAUMA UNIFIED,California,="0600069",33.235356,-117.022182,49585000,12372,12502
VALLEY HOME JOINT ELEMENTARY,California,="0640800",37.830019,-120.915622,2096000,12551,11335
VALLEY ROP,California,="0600097",36.698334,-119.560288,†,†,†
VALLEY ROP JPA,California,="0601387",36.698356,-119.560289,7509000,†,†
VENTURA COUNTY OFFICE OF EDUCATION,California,="0691047",34.214480,-118.999401,253873000,77947,78042
VENTURA COUNTY ROP,California,="0600148",34.214000,-118.999600,†,†,†
VENTURA COUNTY SCHOOLS BUSINESS SERVICES JPA,California,="0601354",34.280800,-119.292300,1430000,†,†
VENTURA UNIFIED,California,="0640980",34.300200,-119.298300,212226000,12623,12234
VICTOR ELEMENTARY,California,="0641040",34.473440,-117.298451,171120000,13225,12494
VICTOR VALLEY UNION HIGH,California,="0636972",34.529505,-117.308132,168125000,12964,11463
VINELAND ELEMENTARY,California,="0641130",35.221400,-118.914500,10550000,14413,11986
VISALIA UNIFIED,California,="0641160",36.323900,-119.346700,368332000,12754,12597
VISTA DEL MAR UNION,California,="0641220",34.508188,-120.229649,1635000,21800,32400
VISTA UNIFIED,California,="0641190",33.225700,-117.222381,304750000,12334,12205
WALNUT CREEK ELEMENTARY,California,="0641250",37.908407,-122.055914,44356000,12345,13994
WALNUT VALLEY UNIFIED,California,="0641280",34.008330,-117.856895,174380000,12186,11883
WARNER UNIFIED,California,="0600042",33.274332,-116.643105,5364000,3088,2215
WASCO UNION ELEMENTARY,California,="0641400",35.597219,-119.338436,54191000,14851,14280
WASCO UNION HIGH,California,="0641430",35.594590,-119.349618,29236000,15685,16052
WASHINGTON COLONY ELEMENTARY,California,="0641460",36.648238,-119.788645,5786000,13120,11891
WASHINGTON UNIFIED,California,="0641580",38.577715,-121.531428,110131000,13299,13391
WASHINGTON UNIFIED,California,="0601415",36.620290,-119.790391,50073000,16831,14036
WASHINGTON UNION ELEMENTARY,California,="0641610",36.578079,-121.715474,10136000,11389,10730
WATERFORD UNIFIED,California,="0600063",37.640100,-120.773900,30685000,7735,7489
WAUGH ELEMENTARY,California,="0641790",38.275249,-122.648292,10441000,11905,11553
WAUKENA JOINT UNION ELEMENTARY,California,="0641820",36.135902,-119.509960,2898000,13233,12447
WEAVER UNION,California,="0641880",37.288874,-120.432009,38148000,13547,13106
WEED UNION ELEMENTARY,California,="0641980",41.427719,-122.380572,3961000,13850,14549
WEST CONTRA COSTA UNIFIED,California,="0632550",37.934000,-122.358500,507774000,16044,16825
WEST COUNTY TRANSPORTATION JPA,California,="0601383",38.395008,-122.726118,16700000,†,†
WEST COVINA UNIFIED,California,="0642000",34.064700,-117.949441,146618000,11496,12615
WEST PARK ELEMENTARY,California,="0642060",36.694154,-119.854179,9301000,14092,12308
WEST SIDE UNION ELEMENTARY,California,="0642270",38.579862,-122.883445,2100000,11538,11676
WEST SONOMA COUNTY UNION HIGH,California,="0602670",38.406280,-122.822621,29731000,15177,14901
WEST VALLEY SCHOOLS TRANSPORTATION AGENCY JPA,California,="0601389",37.288901,-121.947567,3871000,†,†
WESTERN PLACER UNIFIED,California,="0642140",38.893200,-121.292100,110063000,12023,14096
WESTMINSTER,California,="0642150",33.757370,-117.994494,134418000,14510,14238
WESTMORLAND UNION ELEMENTARY,California,="0642180",33.035239,-115.618029,5768000,15505,13895
WESTSIDE ELEMENTARY,California,="0642210",36.400159,-120.142683,18411000,10234,8358
WESTSIDE UNION ELEMENTARY,California,="0642120",34.644012,-118.217781,114159000,12101,11315
WESTWOOD UNIFIED,California,="0642300",40.303946,-121.009227,2649000,15137,17486
WHEATLAND,California,="0642330",39.013436,-121.419946,18156000,13195,13336
WHEATLAND UNION HIGH,California,="0642350",39.006614,-121.430350,9935000,12672,15561
WHITMORE UNION ELEMENTARY,California,="0642420",40.628747,-121.910664,2345000,2532,2275
WHITTIER CITY ELEMENTARY,California,="0642450",33.976915,-118.043747,79507000,13025,14168
WHITTIER UNION HIGH,California,="0642480",33.952746,-118.043086,216890000,18301,18214
WILLIAM (R) ROUSE ROP,California,="0600126",39.675621,-120.242312,†,†,†
WILLIAM S. HART UNION HIGH,California,="0642510",34.410460,-118.510913,312380000,12455,14129
WILLIAMS UNIFIED,California,="0642540",39.160393,-122.136761,18215000,13423,14111
WILLITS UNIFIED,California,="0642560",39.401030,-123.357671,22616000,11935,11777
WILLOW CREEK ELEMENTARY,California,="0642600",41.848529,-122.468739,670000,16750,18450
WILLOW GROVE UNION ELEMENTARY,California,="0642630",36.735593,-121.279668,458000,32714,27500
WILLOWS UNIFIED,California,="0642710",39.518292,-122.204018,17464000,12094,13481
WILMAR UNION ELEMENTARY,California,="0642750",38.244368,-122.685384,2822000,10981,10447
WILSONA ELEMENTARY,California,="0642810",34.616024,-117.808623,18218000,13928,13737
WINDSOR UNIFIED,California,="0600034",38.549430,-122.814051,71804000,13872,13264
WINSHIP-ROBBINS,California,="0642900",39.062855,-121.836938,3568000,1997,1097
WINTERS JOINT UNIFIED,California,="0642930",38.520259,-121.985388,21651000,14142,16745
WINTON,California,="0642960",37.389959,-120.615060,26812000,13813,12305
WISEBURN UNIFIED,CALIFORNIA,="0601428",33.917966,-118.384252,46129000,10262,14453
WOODLAKE UNIFIED,California,="0601418",36.419594,-119.101350,33616000,15745,14912
WOODLAND JOINT UNIFIED,California,="0643080",38.676400,-121.767100,130361000,12983,13738
WOODSIDE ELEMENTARY,California,="0643140",37.428120,-122.258800,13940000,33917,31231
WOODVILLE UNION ELEMENTARY,California,="0643170",36.088699,-119.197893,6473000,14915,14694
WRIGHT ELEMENTARY,California,="0643200",38.419743,-122.772322,23395000,14930,13643
YOLO COUNTY OFFICE OF EDUCATION,California,="0691049",38.695600,-121.757300,43318000,68325,61323
YOLO COUNTY ROP,California,="0600149",38.696250,-121.757441,†,†,†
YOSEMITE ROP,California,="0600144",37.654412,-120.959144,†,†,†
YOSEMITE UNIFIED,California,="0600160",37.329424,-119.636405,24563000,11288,11277
YREKA UNION ELEMENTARY,California,="0643380",41.727428,-122.640968,12239000,12251,11710
YREKA UNION HIGH,California,="0643410",41.741154,-122.637652,10060000,16438,18830
YUBA CITY UNIFIED,California,="0643470",39.133900,-121.633400,169251000,12787,13286
YUBA COUNTY OFFICE OF EDUCATION,California,="0691048",39.149990,-121.600051,32157000,51699,49889
YUCAIPA-CALIMESA JOINT UNIFIED,California,="0643560",34.021474,-117.047235,109556000,10887,10680