Rank,Median Household Income â–¼,Zip,Population
1,"236,912.00",94027,"7,230"
2,"228,587.00",92145,"1,968"
3,"200,325.00",91980,631
4,"187,857.00",94957,"1,063"
5,"182,750.00",94022,"19,737"
6,"180,174.00",94028,"6,720"
7,"176,241.00",94506,"21,896"
8,"172,443.00",90077,"8,328"
9,"170,656.00",94105,"6,282"
10,"167,546.00",94024,"22,573"
11,"167,386.00",95070,"31,093"
12,"166,750.00",95140,233
13,"166,147.00",94563,"18,284"
14,"163,486.00",92657,"9,751"
15,"163,219.00",94507,"15,973"
16,"162,328.00",94528,915
17,"157,938.00",90272,"23,497"
18,"157,879.00",91210,614
19,"156,250.00",90274,"25,482"
20,"154,107.00",95030,"13,429"
21,"153,269.00",94074,320
22,"152,721.00",95120,"37,673"
23,"152,210.00",91011,"20,671"
24,"150,864.00",92861,"5,911"
25,"149,821.00",95007,727
26,"149,538.00",92679,"32,822"
27,"147,568.00",94037,"2,880"
28,"145,610.00",94708,"11,143"
29,"145,505.00",95138,"19,136"
30,"144,886.00",94129,"3,334"
31,"144,152.00",94539,"51,459"
32,"142,071.00",90266,"35,534"
33,"138,750.00",90210,"21,478"
34,"138,371.00",94582,"39,721"
35,"137,344.00",94549,"28,298"
36,"137,122.00",92694,"24,568"
37,"136,331.00",94707,"12,402"
38,"135,076.00",96136,135
39,"134,907.00",94301,"16,927"
40,"133,333.00",95053,"2,730"
41,"133,088.00",94556,"15,505"
42,"132,826.00",94552,"15,209"
43,"132,486.00",94920,"12,583"
44,"132,462.00",94065,"11,585"
45,"131,607.00",90402,"11,503"
46,"131,166.00",92130,"50,280"
47,"131,108.00",94127,"19,356"
48,"130,961.00",95014,"62,478"
49,"128,802.00",94526,"32,274"
50,"128,654.00",95135,"21,349"
51,"128,060.00",91436,"14,563"
52,"127,684.00",94588,"31,910"
53,"126,984.00",92887,"20,071"
54,"126,557.00",94062,"27,014"
55,"126,397.00",95033,"9,628"
56,"125,735.00",92625,"12,572"
57,"125,629.00",92673,"29,875"
58,"125,335.00",94070,"29,879"
59,"125,272.00",93108,"12,119"
60,"124,814.00",90265,"17,660"
61,"124,712.00",92823,"2,960"
62,"124,375.00",95663,"2,485"
63,"123,575.00",94618,"17,007"
64,"123,459.00",92127,"41,900"
65,"122,970.00",94114,"32,229"
66,"122,354.00",94087,"55,229"
67,"121,948.00",94583,"35,272"
68,"121,715.00",91302,"25,165"
69,"121,367.00",94517,"12,781"
70,"121,337.00",94598,"26,974"
71,"121,209.00",94941,"30,605"
72,"121,200.00",94123,"25,528"
73,"120,984.00",92610,"11,799"
74,"120,893.00",95032,"25,898"
75,"120,742.00",90275,"42,420"
76,"120,686.00",92603,"20,173"
77,"120,672.00",93730,"10,137"
78,"120,610.00",94107,"27,792"
79,"120,401.00",94566,"42,523"
80,"120,208.00",95041,146
81,"120,152.00",91108,"13,613"
82,"119,939.00",92067,"9,020"
83,"119,924.00",92131,"33,868"
84,"119,095.00",94025,"40,945"
85,"118,919.00",95746,"23,715"
86,"118,750.00",91708,"3,447"
87,"118,125.00",94010,"42,223"
88,"117,700.00",95762,"40,603"
89,"117,326.00",91377,"14,512"
90,"116,855.00",95054,"23,914"
91,"116,732.00",90049,"35,262"
92,"115,807.00",94402,"24,306"
93,"114,779.00",94404,"35,045"
94,"114,777.00",92014,"13,525"
95,"114,757.00",95134,"16,811"
96,"114,608.00",91381,"20,296"
97,"114,603.00",94555,"35,654"
98,"114,542.00",95587,128
99,"113,826.00",93908,"12,350"
100,"113,616.00",94568,"48,097"
101,"113,281.00",94946,682
102,"113,279.00",94925,"9,478"
103,"112,008.00",92660,"35,308"
104,"111,833.00",94505,"14,353"
105,"111,602.00",94306,"27,094"
106,"111,098.00",91354,"29,034"
107,"110,964.00",92808,"20,137"
108,"110,343.00",91914,"16,926"
109,"110,236.00",95837,289
110,"110,054.00",92886,"48,649"
111,"109,913.00",91301,"26,439"
112,"109,545.00",96125,285
113,"109,267.00",92129,"54,664"
114,"108,919.00",95066,"15,095"
115,"108,882.00",91105,"11,373"
116,"108,366.00",95131,"29,660"
117,"108,295.00",94960,"15,999"
118,"108,205.00",95046,"6,303"
119,"107,768.00",94970,495
120,"107,660.00",94592,651
121,"107,577.00",94611,"37,225"
122,"107,493.00",95129,"40,530"
123,"107,324.00",95148,"46,993"
124,"107,095.00",95391,"12,359"
125,"106,750.00",90290,"6,902"
126,"106,660.00",95124,"48,505"
127,"106,458.00",90743,330
128,"106,365.00",91320,"44,958"
129,"106,333.00",94964,"4,478"
130,"105,985.00",94002,"26,679"
131,"105,659.00",91390,"19,691"
132,"105,480.00",94502,"13,192"
133,"105,029.00",90254,"19,725"
134,"104,934.00",90278,"40,839"
135,"104,557.00",93619,"30,409"
136,"104,167.00",95742,"9,780"
137,"104,149.00",92602,"23,529"
138,"104,125.00",92060,61
139,"103,598.00",92121,"4,832"
140,"103,472.00",94111,"3,477"
141,"103,378.00",94019,"18,382"
142,"103,333.00",94117,"42,638"
143,"103,319.00",90292,"21,507"
143,"103,319.00",95119,"10,595"
145,"103,306.00",91361,"20,266"
146,"102,952.00",94550,"48,050"
147,"102,872.00",95318,601
148,"102,755.00",92782,"22,583"
149,"102,500.00",92364,30
150,"102,479.00",95125,"54,696"
151,"102,396.00",93953,"4,578"
152,"102,273.00",91384,"28,949"
153,"102,237.00",94904,"12,271"
154,"102,212.00",92009,"43,627"
155,"102,160.00",92620,"43,802"
156,"102,045.00",92692,"48,967"
157,"102,030.00",92011,"23,883"
158,"101,932.00",94304,"3,688"
159,"101,912.00",94040,"33,958"
160,"101,303.00",92880,"61,187"
161,"101,292.00",92656,"51,370"
161,"101,292.00",95051,"54,406"
163,"100,844.00",94043,"29,280"
164,"100,750.00",94516,154
165,"100,747.00",91362,"35,564"
166,"100,694.00",92688,"45,074"
167,"100,398.00",91962,"1,722"
168,"100,380.00",92385,269
169,"100,308.00",95630,"73,356"
170,"100,215.00",94086,"47,051"
171,"100,204.00",94547,"24,622"
172,"100,139.00",95683,"6,555"
173,"100,114.00",94131,"28,370"
174,"100,049.00",91739,"38,009"
175,"99,638.00",93109,"11,031"
176,"99,606.00",91915,"27,290"
177,"99,537.00",93021,"36,407"
178,"99,398.00",90277,"34,546"
179,"99,167.00",95227,938
180,"98,990.00",95130,"14,559"
181,"98,899.00",95035,"69,635"
182,"98,831.00",91326,"36,024"
183,"98,697.00",92651,"23,668"
184,"98,655.00",91307,"25,597"
185,"98,407.00",91737,"24,759"
186,"98,400.00",95139,"6,632"
187,"98,321.00",94551,"39,775"
188,"98,315.00",91008,"1,149"
189,"98,264.00",92677,"64,642"
190,"98,219.00",93923,"12,954"
191,"98,026.00",95132,"41,222"
192,"97,921.00",91350,"35,826"
193,"97,609.00",91709,"76,187"
194,"97,470.00",92618,"21,345"
195,"96,860.00",95377,"32,453"
196,"96,824.00",90808,"39,834"
197,"96,719.00",94044,"38,416"
198,"96,563.00",93664,703
199,"96,537.00",94705,"12,790"
200,"96,446.00",93314,"23,264"
201,"96,297.00",92064,"49,079"
202,"96,281.00",94938,884
203,"96,010.00",90094,"6,062"
204,"95,984.00",92614,"25,657"
205,"95,975.00",91784,"26,034"
206,"95,806.00",92010,"15,283"
207,"95,631.00",90720,"22,325"
208,"95,625.00",93441,"1,195"
209,"95,435.00",95037,"46,834"
210,"95,306.00",92037,"39,241"
211,"95,189.00",94403,"40,032"
212,"94,933.00",93111,"17,554"
213,"94,712.00",93932,564
214,"94,697.00",92807,"36,323"
215,"94,420.00",94569,320
216,"94,318.00",92091,"1,433"
217,"94,196.00",92881,"32,817"
218,"94,173.00",93065,"72,273"
219,"93,919.00",91364,"26,975"
220,"93,917.00",92883,"31,940"
221,"93,889.00",92007,"11,782"
222,"93,810.00",94021,211
223,"93,750.00",94939,"6,935"
224,"93,713.00",92691,"48,129"
225,"93,588.00",93312,"56,313"
226,"93,529.00",93645,212
227,"93,523.00",93012,"35,366"
228,"93,509.00",91789,"43,369"
229,"93,393.00",95571,152
230,"93,389.00",94951,"4,812"
231,"93,099.00",92661,"3,152"
232,"93,092.00",91935,"8,426"
233,"93,049.00",94930,"8,756"
234,"92,806.00",92653,"28,853"
235,"92,684.00",92508,"36,583"
236,"92,678.00",95747,"56,415"
237,"92,489.00",94085,"23,964"
238,"92,464.00",95672,"5,166"
239,"92,402.00",92024,"49,226"
240,"92,397.00",92835,"23,378"
241,"92,356.00",94020,"1,483"
242,"92,137.00",93924,"5,967"
243,"92,107.00",94536,"70,696"
244,"92,006.00",94030,"22,203"
245,"91,882.00",94534,"36,499"
246,"91,737.00",93460,"4,944"
247,"91,617.00",91360,"44,208"
248,"91,518.00",95638,"2,047"
249,"91,180.00",92604,"28,425"
250,"90,984.00",95118,"31,579"
251,"90,966.00",91765,"47,562"
252,"90,903.00",95614,"4,283"
253,"90,881.00",95123,"64,602"
254,"90,876.00",92118,"22,664"
255,"90,833.00",92075,"12,437"
256,"90,780.00",91024,"11,060"
257,"90,613.00",90703,"50,069"
258,"90,528.00",91604,"29,072"
259,"90,298.00",92128,"49,264"
260,"90,228.00",92606,"22,294"
261,"90,179.00",93651,"1,569"
262,"89,849.00",91214,"31,078"
263,"89,715.00",94965,"11,114"
264,"89,607.00",94513,"56,929"
265,"89,596.00",91355,"33,635"
266,"89,541.00",92592,"74,558"
267,"89,508.00",91711,"36,484"
268,"89,500.00",90067,"2,364"
268,"89,500.00",94510,"27,515"
270,"89,464.00",94303,"47,159"
271,"89,403.00",93510,"7,289"
272,"89,026.00",92845,"17,202"
273,"88,987.00",95008,"45,495"
274,"88,971.00",90742,842
275,"88,955.00",91208,"16,548"
276,"88,929.00",91207,"10,334"
277,"88,926.00",91902,"19,504"
278,"88,810.00",94041,"13,551"
279,"88,797.00",94089,"20,476"
280,"88,750.00",93208,125
280,"88,750.00",94973,"1,831"
282,"88,693.00",94531,"42,587"
283,"88,384.00",92629,"26,955"
284,"88,333.00",95493,187
285,"88,160.00",92869,"37,390"
286,"88,012.00",94597,"20,645"
287,"87,782.00",95757,"44,638"
288,"87,738.00",95655,"4,592"
289,"87,720.00",93311,"44,358"
290,"87,652.00",94538,"63,850"
291,"87,598.00",94530,"24,301"
292,"87,596.00",96121,249
293,"87,500.00",95136,"41,852"
294,"87,425.00",92336,"91,510"
295,"87,361.00",92532,"21,260"
296,"87,251.00",90603,"20,475"
297,"87,156.00",95819,"18,374"
298,"87,110.00",92646,"55,505"
299,"87,100.00",95765,"36,391"
300,"87,095.00",90713,"28,411"
301,"86,967.00",92663,"22,772"
302,"86,573.00",90064,"25,788"
303,"86,521.00",94560,"43,635"
304,"86,505.00",93010,"43,234"
305,"86,469.00",92649,"32,976"
306,"86,196.00",94903,"30,110"
307,"86,070.00",94122,"58,547"
308,"86,031.00",95065,"8,331"
309,"85,914.00",92596,"26,044"
310,"85,857.00",92648,"46,623"
311,"85,707.00",92126,"78,201"
312,"85,655.00",91001,"37,481"
313,"85,514.00",95121,"38,603"
314,"85,361.00",92860,"27,304"
315,"85,330.00",94115,"34,556"
316,"85,251.00",92865,"19,715"
317,"85,200.00",93551,"50,572"
318,"85,000.00",94548,400
318,"85,000.00",94586,984
320,"84,828.00",94116,"45,552"
321,"84,819.00",94521,"41,138"
322,"84,785.00",92630,"59,657"
323,"84,761.00",91107,"31,828"
324,"84,750.00",92676,"2,033"
325,"84,741.00",91913,"43,655"
326,"84,620.00",91775,"25,395"
327,"84,588.00",90293,"11,997"
328,"84,537.00",90732,"19,810"
329,"84,516.00",90212,"12,415"
330,"84,488.00",94110,"71,422"
331,"84,250.00",92678,427
332,"84,133.00",95650,"12,255"
333,"84,051.00",90630,"48,844"
334,"84,021.00",91006,"32,392"
335,"84,004.00",90245,"16,839"
336,"83,974.00",93063,"56,687"
337,"83,902.00",95003,"24,383"
338,"83,767.00",90623,"15,767"
339,"83,638.00",94945,"17,973"
340,"83,542.00",94158,"5,530"
341,"83,467.00",95864,"22,698"
342,"83,269.00",92210,"4,839"
343,"83,194.00",93465,"9,652"
344,"83,038.00",93035,"26,966"
345,"82,993.00",94118,"40,102"
346,"82,917.00",93605,201
347,"82,857.00",92662,"3,018"
348,"82,748.00",95020,"59,666"
349,"82,675.00",92705,"46,163"
350,"82,564.00",94587,"71,675"
351,"82,313.00",90505,"37,381"
352,"82,076.00",91387,"42,518"
353,"82,005.00",92708,"57,441"
354,"81,980.00",94954,"36,624"
355,"81,973.00",92106,"19,539"
356,"81,918.00",94503,"20,116"
357,"81,907.00",94061,"37,667"
358,"81,879.00",94947,"25,969"
359,"81,860.00",95688,"35,820"
360,"81,788.00",94574,"9,300"
361,"81,746.00",94706,"20,206"
362,"81,685.00",94523,"34,428"
363,"81,667.00",94525,"3,151"
364,"81,622.00",94038,"3,435"
365,"81,471.00",95618,"27,222"
366,"81,379.00",91901,"18,184"
367,"81,369.00",94066,"42,100"
368,"81,328.00",96073,"4,502"
369,"81,308.00",93105,"24,967"
370,"81,250.00",91741,"25,678"
371,"81,093.00",95492,"29,629"
372,"81,025.00",90291,"27,803"
373,"80,729.00",92384,34
374,"80,625.00",92124,"30,196"
375,"80,479.00",91030,"25,914"
376,"80,449.00",95835,"39,073"
377,"80,341.00",94104,223
378,"80,327.00",94542,"12,498"
379,"80,313.00",96106,275
380,"80,288.00",93962,939
381,"80,279.00",91311,"37,769"
382,"80,278.00",90620,"45,992"
383,"80,233.00",94005,"4,421"
383,"80,233.00",95624,"63,131"
385,"80,163.00",92821,"37,580"
386,"80,133.00",95073,"10,849"
387,"80,132.00",92626,"51,575"
388,"80,130.00",92377,"19,750"
389,"80,037.00",92870,"53,474"
390,"79,895.00",92120,"25,365"
391,"79,858.00",90638,"49,543"
392,"79,525.00",90815,"40,572"
393,"79,485.00",94963,461
394,"79,457.00",95372,"1,969"
395,"79,348.00",92082,"19,825"
396,"79,327.00",95664,"1,135"
397,"79,121.00",95693,"5,943"
398,"78,856.00",94596,"20,778"
399,"78,756.00",90405,"28,535"
400,"78,750.00",96061,19
401,"78,676.00",94619,"24,146"
402,"78,640.00",95304,"17,971"
403,"78,630.00",92561,"1,600"
404,"78,607.00",90069,"20,426"
405,"78,564.00",94015,"62,941"
406,"78,558.00",95251,874
407,"78,501.00",91773,"33,869"
408,"78,378.00",94080,"66,002"
409,"78,175.00",90712,"32,015"
410,"78,116.00",92506,"45,993"
411,"78,114.00",95452,"1,314"
412,"78,082.00",90045,"41,453"
413,"78,072.00",92867,"44,569"
414,"77,930.00",93611,"48,597"
415,"77,706.00",94561,"38,481"
416,"77,679.00",91505,"31,133"
416,"77,679.00",93424,853
418,"77,583.00",95918,"1,805"
419,"77,416.00",95682,"29,972"
420,"77,361.00",92065,"36,039"
421,"77,305.00",94923,736
422,"77,250.00",93928,362
423,"77,247.00",91344,"53,165"
424,"77,188.00",95699,148
425,"77,152.00",91367,"42,029"
426,"77,105.00",92563,"57,605"
427,"77,092.00",93720,"46,153"
428,"77,047.00",90503,"45,518"
429,"76,994.00",91701,"40,822"
430,"76,912.00",91750,"33,969"
431,"76,909.00",94901,"42,027"
432,"76,688.00",90056,"8,380"
433,"76,669.00",94553,"48,891"
434,"76,542.00",95236,"3,829"
435,"76,526.00",92251,"22,348"
436,"76,447.00",91745,"55,237"
437,"76,389.00",95722,"4,524"
438,"76,232.00",94803,"25,998"
439,"76,027.00",93004,"30,417"
440,"75,928.00",92584,"46,346"
441,"75,915.00",93110,"17,321"
442,"75,862.00",93067,641
443,"75,750.00",95637,694
444,"75,714.00",95697,554
445,"75,671.00",91423,"32,130"
446,"75,556.00",95639,311
447,"75,510.00",95006,"9,162"
448,"75,500.00",94546,"43,448"
449,"75,481.00",94579,"21,842"
450,"75,448.00",92562,"63,293"
451,"75,420.00",91724,"25,405"
452,"75,411.00",92672,"35,041"
453,"75,380.00",93066,"3,179"
454,"75,334.00",91403,"24,353"
455,"75,327.00",90035,"31,399"
456,"75,309.00",95219,"28,354"
457,"75,300.00",95366,"16,734"
458,"75,221.00",94952,"35,081"
459,"75,180.00",90504,"32,777"
460,"75,172.00",96161,"18,475"
461,"75,163.00",95625,200
462,"75,160.00",93636,"11,919"
463,"75,031.00",90746,"26,738"
464,"74,797.00",92019,"44,357"
465,"74,637.00",92647,"59,741"
466,"74,583.00",95674,922
467,"74,530.00",95829,"25,786"
468,"74,393.00",92071,"55,362"
469,"74,283.00",94564,"18,704"
470,"74,009.00",94949,"16,386"
471,"73,870.00",94591,"54,530"
472,"73,850.00",94610,"29,734"
473,"73,786.00",90230,"33,090"
474,"73,684.00",95687,"65,781"
475,"73,621.00",94924,"1,434"
476,"73,542.00",95439,566
477,"73,433.00",93022,"7,069"
478,"73,373.00",90068,"21,943"
479,"73,352.00",92555,"40,419"
480,"73,333.00",95002,"1,660"
481,"73,125.00",95429,77
482,"73,040.00",94518,"26,647"
483,"72,939.00",95368,"14,474"
484,"72,913.00",90048,"22,409"
485,"72,877.00",95126,"34,618"
486,"72,739.00",95628,"40,767"
487,"72,720.00",94558,"67,967"
488,"72,607.00",95444,774
489,"72,479.00",92352,"6,783"
490,"72,465.00",92675,"35,596"
491,"72,459.00",95133,"27,381"
491,"72,459.00",95661,"30,559"
493,"72,452.00",95258,"3,973"
494,"72,411.00",94508,"4,118"
495,"72,366.00",90403,"25,116"
496,"72,279.00",94401,"36,838"
497,"72,276.00",90807,"33,726"
498,"72,255.00",91007,"34,198"
499,"72,218.00",95209,"41,459"
500,"72,212.00",93455,"42,513"
501,"72,204.00",96140,"1,126"
502,"72,192.00",91106,"24,861"
503,"72,168.00",91016,"42,235"
504,"72,161.00",95018,"7,660"
505,"72,156.00",95405,"21,516"
506,"72,120.00",95254,682
507,"72,025.00",90803,"30,805"
508,"71,939.00",90240,"26,287"
509,"71,911.00",92123,"29,240"
510,"71,825.00",91710,"83,042"
511,"71,793.00",92882,"70,188"
512,"71,757.00",90745,"57,727"
513,"71,723.00",94545,"30,936"
514,"71,697.00",92253,"38,462"
515,"71,688.00",92270,"17,634"
516,"71,668.00",94014,"48,536"
517,"71,667.00",94933,"1,069"
518,"71,661.00",91941,"33,474"
519,"71,505.00",94112,"83,032"
520,"71,469.00",92624,"6,450"
521,"71,316.00",90232,"15,353"
522,"71,307.00",92122,"44,602"
523,"71,301.00",95417,170
524,"71,296.00",91504,"25,544"
525,"71,278.00",90025,"45,284"
526,"71,177.00",94580,"29,311"
527,"71,063.00",95920,417
528,"71,049.00",90036,"36,425"
529,"71,000.00",92358,"1,127"
530,"70,938.00",95633,"3,247"
531,"70,935.00",94501,"62,571"
532,"70,858.00",91351,"32,433"
533,"70,841.00",90601,"34,143"
533,"70,841.00",91791,"33,174"
535,"70,830.00",91040,"20,017"
536,"70,820.00",95648,"48,869"
537,"70,811.00",91104,"38,421"
538,"70,781.00",96128,758
539,"70,724.00",93536,"71,313"
540,"70,721.00",94585,"29,205"
541,"70,692.00",95127,"64,498"
542,"70,417.00",95709,"4,953"
543,"70,408.00",91506,"18,428"
544,"70,380.00",92591,"39,767"
545,"70,261.00",92119,"23,926"
546,"70,230.00",93950,"15,365"
547,"70,220.00",94121,"42,043"
548,"70,096.00",95128,"37,026"
549,"70,003.00",95758,"62,099"
550,"69,966.00",92337,"37,844"
551,"69,942.00",90211,"8,080"
552,"69,872.00",95005,"6,615"
553,"69,760.00",95524,"1,902"
554,"69,750.00",95703,"1,065"
555,"69,702.00",92347,"1,554"
555,"69,702.00",95607,315
557,"69,688.00",96114,"3,315"
558,"69,678.00",95023,"50,625"
559,"69,616.00",93003,"51,454"
560,"69,583.00",95677,"22,808"
561,"69,341.00",95050,"37,714"
562,"69,205.00",92003,"4,306"
563,"69,171.00",92344,"21,392"
564,"69,148.00",91356,"29,847"
565,"69,055.00",93723,"9,271"
566,"68,887.00",96145,"3,215"
567,"68,884.00",93013,"15,944"
568,"68,813.00",94602,"29,794"
569,"68,804.00",95472,"29,408"
570,"68,701.00",94572,"9,648"
571,"68,693.00",95110,"19,239"
572,"68,679.00",95831,"41,597"
573,"68,636.00",92378,166
573,"68,636.00",95465,"2,328"
575,"68,620.00",92587,"16,787"
576,"68,346.00",90066,"58,337"
577,"68,333.00",92061,"1,824"
578,"68,261.00",92518,"1,129"
579,"68,108.00",92029,"19,528"
580,"68,078.00",93907,"21,812"
581,"68,027.00",92203,"27,466"
582,"67,917.00",93563,375
583,"67,878.00",90755,"11,400"
584,"67,718.00",95117,"32,074"
585,"67,716.00",93940,"33,760"
586,"67,652.00",91020,"9,249"
587,"67,639.00",95316,"6,733"
588,"67,607.00",94519,"19,927"
589,"67,500.00",93449,"7,789"
590,"67,383.00",93103,"20,271"
591,"67,188.00",95004,"3,886"
592,"67,170.00",90039,"27,843"
593,"67,048.00",91740,"26,324"
594,"67,039.00",92612,"29,325"
595,"67,031.00",95017,654
596,"67,025.00",92109,"45,304"
597,"67,019.00",92833,"53,309"
598,"67,001.00",95404,"40,253"
599,"66,983.00",93531,338
600,"66,932.00",91917,896
601,"66,875.00",92382,"5,161"
602,"66,848.00",91792,"30,102"
603,"66,825.00",92107,"26,947"
604,"66,775.00",92342,"6,303"
605,"66,771.00",93463,"8,132"
606,"66,750.00",95426,"1,659"
607,"66,711.00",95337,"31,399"
608,"66,706.00",90605,"42,103"
609,"66,679.00",93628,266
610,"66,607.00",94132,"31,926"
611,"66,590.00",92374,"40,911"
612,"66,553.00",90631,"68,899"
613,"66,506.00",93420,"30,076"
614,"66,483.00",91978,"9,812"
615,"66,417.00",92059,"1,450"
616,"66,291.00",95620,"21,005"
617,"66,136.00",94599,"3,187"
618,"66,079.00",94805,"14,329"
619,"66,057.00",91790,"46,059"
620,"66,014.00",93422,"31,899"
621,"66,000.00",92008,"26,464"
622,"65,938.00",95668,752
623,"65,793.00",92103,"31,927"
624,"65,769.00",95691,"35,929"
625,"65,735.00",93287,141
626,"65,706.00",95467,"6,168"
627,"65,701.00",93036,"44,277"
628,"65,640.00",90604,"39,541"
629,"65,625.00",96006,400
630,"65,425.00",95409,"25,784"
631,"65,319.00",92117,"53,205"
632,"65,297.00",92108,"19,245"
633,"65,208.00",95356,"32,794"
634,"65,156.00",93546,"9,408"
635,"65,122.00",95662,"31,814"
636,"65,114.00",95651,517
637,"65,035.00",90404,"21,641"
638,"64,976.00",92057,"55,618"
639,"64,974.00",93446,"44,288"
640,"64,874.00",95382,"37,163"
641,"64,843.00",93023,"20,603"
642,"64,803.00",93313,"43,644"
643,"64,787.00",92040,"42,323"
644,"64,773.00",95843,"47,172"
645,"64,738.00",92223,"46,719"
646,"64,712.00",95442,"3,154"
647,"64,701.00",90715,"20,283"
648,"64,660.00",94577,"45,808"
649,"64,625.00",94931,"8,570"
650,"64,612.00",92321,"1,244"
651,"64,583.00",94512,214
652,"64,545.00",90041,"28,439"
653,"64,479.00",95669,"2,676"
654,"64,375.00",95545,99
655,"64,355.00",95242,"26,187"
656,"64,219.00",96085,50
657,"64,140.00",92313,"12,252"
658,"64,089.00",92780,"60,438"
659,"64,034.00",95993,"35,847"
660,"63,948.00",92373,"34,017"
661,"63,934.00",93711,"37,630"
662,"63,901.00",95631,"5,910"
663,"63,871.00",92354,"21,555"
664,"63,833.00",90606,"32,978"
665,"63,816.00",95982,"3,251"
666,"63,750.00",92398,"1,165"
666,"63,750.00",95776,"21,827"
668,"63,740.00",91722,"36,352"
669,"63,728.00",92056,"52,758"
670,"63,722.00",91905,"1,370"
671,"63,721.00",95602,"18,498"
672,"63,610.00",92868,"27,353"
673,"63,604.00",95658,"6,261"
674,"63,544.00",91602,"18,315"
675,"63,529.00",95941,505
676,"63,514.00",93428,"6,348"
677,"63,413.00",92585,"20,148"
678,"63,248.00",95330,"17,702"
679,"63,173.00",94109,"54,768"
680,"63,112.00",93440,"1,472"
681,"63,111.00",91202,"23,007"
682,"63,105.00",93675,"2,808"
683,"63,045.00",91780,"35,274"
684,"63,029.00",95403,"44,918"
685,"62,969.00",93427,"5,279"
685,"62,969.00",95678,"41,929"
687,"62,828.00",92806,"39,616"
688,"62,677.00",92879,"48,654"
689,"62,589.00",92866,"15,473"
690,"62,558.00",90305,"15,501"
691,"62,533.00",90502,"17,135"
691,"62,533.00",93555,"32,967"
693,"62,500.00",91501,"19,829"
693,"62,500.00",95043,636
695,"62,424.00",95245,"2,064"
696,"62,384.00",95252,"14,143"
697,"62,372.00",91752,"28,649"
698,"62,365.00",95060,"47,148"
699,"62,262.00",95376,"49,398"
700,"62,253.00",95062,"36,358"
701,"62,230.00",93921,"3,164"
702,"62,182.00",94515,"7,314"
703,"62,180.00",95946,"10,206"
704,"62,109.00",92305,321
705,"62,076.00",95448,"17,078"
706,"62,056.00",95223,"3,042"
707,"62,043.00",95692,"4,812"
708,"62,016.00",91316,"28,190"
709,"61,952.00",91730,"66,979"
710,"61,934.00",92840,"56,291"
711,"61,563.00",94571,"8,171"
712,"61,525.00",92595,"31,139"
713,"61,500.00",95113,"1,163"
714,"61,488.00",96062,"1,253"
715,"61,466.00",93601,"2,457"
716,"61,379.00",93444,"19,578"
717,"61,319.00",93239,"1,950"
718,"61,310.00",94573,142
719,"61,308.00",93437,"3,464"
720,"61,296.00",91916,"1,580"
721,"61,270.00",91761,"59,892"
722,"61,255.00",95632,"30,064"
723,"61,250.00",95228,"4,576"
724,"61,157.00",96120,"1,091"
725,"60,959.00",91306,"48,707"
726,"60,952.00",94710,"6,439"
727,"60,920.00",92110,"28,006"
728,"60,899.00",91342,"91,701"
728,"60,899.00",95220,"7,501"
730,"60,896.00",91748,"47,859"
731,"60,802.00",90401,"7,035"
732,"60,750.00",95938,"3,936"
733,"60,724.00",93243,"1,720"
734,"60,720.00",95713,"9,920"
735,"60,660.00",95619,"4,937"
736,"60,655.00",92557,"51,871"
737,"60,648.00",95685,"4,278"
738,"60,625.00",92549,"2,652"
739,"60,587.00",93265,"2,892"
740,"60,579.00",95626,"6,335"
741,"60,556.00",95075,330
742,"60,544.00",90701,"16,698"
743,"60,536.00",95064,"8,425"
744,"60,532.00",91723,"20,010"
745,"60,523.00",90650,"106,521"
746,"60,513.00",93561,"34,246"
747,"60,459.00",95949,"19,640"
748,"60,268.00",96103,"1,357"
749,"60,230.00",94134,"40,343"
750,"60,162.00",92154,"86,740"
751,"60,148.00",91345,"18,196"
752,"60,139.00",93517,796
753,"60,124.00",91977,"59,481"
754,"60,118.00",91010,"25,797"
755,"60,100.00",95476,"38,822"
756,"60,089.00",94060,"1,650"
757,"60,000.00",93925,"1,672"
758,"59,995.00",92346,"58,845"
759,"59,965.00",95212,"25,244"
760,"59,878.00",90501,"43,407"
761,"59,844.00",95634,"3,143"
762,"59,832.00",95962,"1,285"
763,"59,738.00",93461,"1,661"
764,"59,728.00",92278,"4,156"
765,"59,699.00",94544,"76,508"
766,"59,679.00",92139,"37,450"
767,"59,628.00",94702,"16,868"
768,"59,545.00",95441,"1,989"
769,"59,502.00",91746,"29,420"
770,"59,412.00",92704,"87,121"
771,"59,375.00",95497,983
772,"59,302.00",92399,"54,056"
773,"59,150.00",94709,"12,030"
774,"59,125.00",90024,"50,117"
774,"59,125.00",93602,"4,207"
776,"59,099.00",91103,"27,684"
777,"59,056.00",95367,"24,045"
778,"59,028.00",95615,"1,090"
779,"58,993.00",91324,"29,178"
780,"58,913.00",95959,"17,013"
781,"58,889.00",96096,814
782,"58,854.00",93226,363
783,"58,853.00",92832,"25,247"
784,"58,810.00",95470,"6,874"
785,"58,659.00",94595,"16,837"
786,"58,643.00",94567,730
787,"58,613.00",94703,"21,421"
788,"58,517.00",95694,"9,574"
789,"58,500.00",92706,"36,585"
789,"58,500.00",95232,217
791,"58,438.00",95957,773
792,"58,381.00",93631,"16,844"
793,"58,365.00",91101,"21,098"
794,"58,363.00",94559,"27,062"
795,"58,361.00",91304,"53,517"
796,"58,353.00",91906,"3,644"
797,"58,289.00",95421,"1,537"
798,"58,272.00",95818,"20,135"
799,"58,262.00",92582,"16,200"
800,"58,191.00",95329,"2,654"
801,"58,012.00",93238,"1,575"
802,"57,969.00",95975,"2,072"
803,"57,917.00",96014,152
804,"57,895.00",94541,"62,738"
805,"57,883.00",91325,"32,823"
806,"57,860.00",93030,"61,215"
807,"57,789.00",91744,"87,096"
808,"57,731.00",93505,"13,232"
809,"57,708.00",92627,"60,806"
810,"57,670.00",93920,839
811,"57,664.00",95627,"3,498"
812,"57,654.00",91321,"34,576"
813,"57,652.00",95361,"32,544"
814,"57,640.00",91042,"28,126"
815,"57,639.00",95970,482
816,"57,610.00",94605,"43,168"
817,"57,588.00",93543,"13,578"
818,"57,557.00",92211,"24,564"
819,"57,484.00",94928,"42,668"
820,"57,470.00",95122,"57,564"
821,"57,400.00",95425,"10,699"
822,"57,333.00",92831,"35,316"
823,"57,287.00",92114,"69,305"
824,"57,286.00",92509,"78,221"
825,"57,241.00",93402,"14,880"
826,"57,223.00",92028,"48,335"
827,"57,212.00",96141,669
828,"57,124.00",92307,"38,204"
829,"57,095.00",90242,"43,199"
830,"57,052.00",92504,"53,960"
831,"57,047.00",95111,"60,907"
832,"57,038.00",92707,"63,595"
833,"57,014.00",93426,"1,522"
834,"56,973.00",94533,"70,634"
835,"56,923.00",95956,459
836,"56,885.00",95336,"46,433"
837,"56,875.00",93560,"19,189"
837,"56,875.00",95689,904
839,"56,767.00",91754,"33,622"
840,"56,743.00",90034,"58,968"
841,"56,738.00",93552,"42,073"
842,"56,696.00",95640,"10,681"
843,"56,683.00",95488,309
844,"56,671.00",95076,"84,587"
845,"56,667.00",95720,60
846,"56,651.00",95834,"23,986"
847,"56,646.00",95355,"59,955"
848,"56,632.00",91803,"30,586"
849,"56,607.00",90660,"63,686"
849,"56,607.00",95549,869
851,"56,567.00",93015,"17,423"
852,"56,563.00",96009,329
853,"56,541.00",95973,"33,511"
854,"56,394.00",95937,"1,133"
855,"56,378.00",94609,"22,059"
856,"56,337.00",90046,"51,329"
857,"56,277.00",92392,"56,461"
858,"56,250.00",95636,771
858,"56,250.00",95830,762
860,"56,245.00",90717,"21,612"
861,"56,219.00",90621,"35,478"
862,"56,154.00",94589,"30,811"
863,"56,101.00",95690,"1,932"
864,"56,081.00",95547,"1,347"
865,"56,059.00",90241,"43,596"
866,"56,049.00",95603,"28,652"
867,"55,996.00",95726,"8,566"
868,"55,959.00",94608,"26,323"
869,"55,947.00",92505,"49,064"
870,"55,882.00",90704,"3,952"
871,"55,878.00",95623,"4,317"
872,"55,865.00",94565,"87,395"
873,"55,833.00",95010,"9,367"
874,"55,827.00",95833,"39,117"
875,"55,801.00",93117,"55,064"
876,"55,750.00",92239,428
877,"55,710.00",95667,"36,639"
878,"55,656.00",95670,"52,886"
879,"55,635.00",92111,"47,590"
880,"55,599.00",95320,"12,739"
881,"55,530.00",92078,"45,926"
882,"55,500.00",95323,998
883,"55,355.00",95987,"5,979"
884,"55,256.00",95608,"60,729"
885,"55,250.00",95045,"3,969"
886,"55,238.00",91343,"61,976"
887,"55,217.00",91340,"35,455"
888,"55,210.00",93033,"82,263"
889,"55,169.00",92365,"1,953"
890,"55,111.00",90814,"18,789"
891,"55,082.00",93906,"63,529"
892,"55,069.00",92567,"9,469"
893,"55,051.00",92503,"92,959"
894,"55,000.00",95653,565
895,"54,980.00",93436,"55,176"
896,"54,966.00",92116,"32,943"
897,"54,945.00",93001,"32,360"
897,"54,945.00",93101,"32,860"
899,"54,792.00",95379,"3,837"
900,"54,782.00",93060,"33,836"
901,"54,769.00",91702,"60,475"
901,"54,769.00",93532,"2,419"
903,"54,688.00",96029,165
904,"54,640.00",91910,"76,797"
905,"54,630.00",90710,"27,550"
906,"54,565.00",92081,"28,843"
907,"54,527.00",96130,"21,920"
908,"54,444.00",95659,775
909,"54,422.00",92805,"70,839"
910,"54,381.00",93722,"80,455"
911,"54,372.00",94509,"63,351"
912,"54,366.00",95326,"9,487"
913,"54,327.00",95714,284
914,"54,205.00",93451,"4,187"
915,"54,034.00",95565,"1,092"
916,"54,003.00",94063,"31,881"
917,"54,000.00",92397,"4,616"
918,"53,955.00",93933,"22,696"
919,"53,820.00",92026,"49,981"
920,"53,807.00",92359,"8,298"
921,"53,750.00",93541,651
922,"53,677.00",90740,"24,288"
923,"53,652.00",95407,"40,657"
924,"53,648.00",95826,"38,378"
925,"53,571.00",93432,798
926,"53,559.00",92683,"91,204"
927,"53,473.00",92027,"56,892"
928,"53,466.00",95363,"26,087"
929,"53,456.00",93523,"3,378"
930,"53,419.00",96008,"1,128"
931,"53,389.00",94535,"4,543"
932,"53,385.00",93667,"2,089"
933,"53,368.00",95436,"5,582"
934,"53,281.00",95666,"5,533"
935,"53,250.00",96146,823
936,"53,235.00",95357,"11,353"
937,"53,214.00",95936,244
938,"53,194.00",95612,"1,045"
939,"53,150.00",94133,"27,662"
940,"53,059.00",92841,"32,839"
941,"53,056.00",95564,500
942,"53,054.00",92249,"7,147"
943,"53,008.00",93230,"66,316"
944,"53,002.00",95816,"16,845"
945,"52,906.00",93401,"27,920"
946,"52,841.00",95701,718
946,"52,841.00",96148,781
948,"52,813.00",95401,"38,604"
949,"52,794.00",90065,"46,254"
950,"52,579.00",93442,"10,998"
951,"52,564.00",93454,"37,362"
952,"52,536.00",92843,"44,468"
953,"52,517.00",91755,"27,305"
954,"52,500.00",96063,222
955,"52,457.00",92069,"47,130"
956,"52,420.00",93955,"34,084"
957,"52,408.00",92804,"85,969"
958,"52,376.00",91945,"26,027"
959,"52,371.00",93041,"23,998"
960,"52,354.00",91942,"39,438"
961,"52,329.00",93430,"2,735"
962,"52,314.00",92101,"35,893"
963,"52,292.00",95684,"2,980"
964,"52,279.00",96107,"1,077"
965,"52,274.00",91607,"29,591"
965,"52,274.00",95695,"38,790"
967,"52,233.00",93927,"17,697"
968,"52,203.00",93306,"68,910"
969,"52,173.00",94806,"60,101"
970,"52,154.00",96022,"17,488"
971,"52,143.00",95461,"3,318"
972,"52,123.00",93527,"1,914"
973,"52,077.00",91206,"33,706"
974,"52,015.00",95012,"10,470"
975,"52,000.00",93544,951
976,"51,992.00",94514,"1,174"
977,"51,976.00",94305,"13,538"
978,"51,956.00",90248,"9,936"
979,"51,935.00",90670,"15,594"
980,"51,927.00",95222,"5,228"
981,"51,921.00",94937,970
982,"51,908.00",95943,805
983,"51,875.00",95412,352
984,"51,869.00",95971,"5,798"
985,"51,827.00",95621,"41,474"
986,"51,806.00",95312,276
987,"51,769.00",90260,"35,854"
988,"51,702.00",92407,"60,118"
989,"51,667.00",92036,"2,977"
990,"51,618.00",95420,442
991,"51,520.00",93453,"3,486"
992,"51,500.00",92394,"34,479"
993,"51,427.00",90042,"61,034"
994,"51,398.00",91335,"77,952"
995,"51,389.00",95450,228
996,"51,365.00",92802,"43,743"
997,"51,345.00",91331,"102,367"
998,"51,341.00",93292,"38,825"
999,"51,286.00",95324,"7,733"
1000,"51,280.00",93245,"37,062"
1001,"51,250.00",93514,"14,472"
1001,"51,250.00",93526,714
1001,"51,250.00",93603,274
1004,"51,234.00",91706,"77,692"
1005,"51,225.00",91801,"53,792"
1006,"51,116.00",92571,"54,825"
1007,"51,105.00",91786,"52,152"
1008,"51,060.00",91764,"54,078"
1009,"51,056.00",93277,"51,849"
1010,"51,044.00",93926,"9,128"
1011,"50,996.00",90249,"27,451"
1012,"50,858.00",93614,"10,865"
1013,"50,854.00",95673,"14,773"
1014,"50,833.00",93291,"54,899"
1015,"50,764.00",95912,"4,550"
1016,"50,744.00",92371,"14,729"
1017,"50,740.00",95334,"16,330"
1018,"50,707.00",91762,"56,148"
1019,"50,595.00",93529,589
1020,"50,568.00",92054,"42,992"
1021,"50,536.00",95610,"43,572"
1022,"50,528.00",95827,"20,294"
1023,"50,526.00",91201,"22,985"
1024,"50,500.00",95466,913
1024,"50,500.00",95570,"2,083"
1026,"50,455.00",93604,874
1027,"50,449.00",92551,"33,050"
1028,"50,446.00",95233,591
1029,"50,401.00",92084,"48,275"
1030,"50,381.00",91406,"53,528"
1031,"50,316.00",90027,"46,025"
1032,"50,309.00",92260,"32,855"
1033,"50,290.00",93210,"21,303"
1034,"50,227.00",95536,"3,078"
1035,"50,051.00",95519,"18,496"
1036,"50,047.00",92703,"69,890"
1037,"50,035.00",92021,"66,854"
1038,"50,000.00",93445,"7,168"
1039,"49,928.00",92310,"9,191"
1040,"49,851.00",92020,"58,305"
1041,"49,786.00",90731,"62,348"
1042,"49,785.00",93657,"35,653"
1043,"49,732.00",96016,532
1044,"49,708.00",95346,"1,541"
1045,"49,688.00",95340,"34,745"
1046,"49,594.00",94124,"35,201"
1047,"49,567.00",95358,"31,709"
1048,"49,552.00",92530,"51,816"
1049,"49,545.00",95469,"1,960"
1050,"49,541.00",94804,"40,941"
1051,"49,491.00",93901,"26,438"
1052,"49,470.00",95460,"2,338"
1053,"49,454.00",95112,"57,503"
1054,"49,423.00",92590,"3,841"
1055,"49,418.00",93433,"13,337"
1056,"49,360.00",90706,"77,455"
1057,"49,206.00",91767,"49,027"
1058,"49,121.00",93637,"40,101"
1059,"49,095.00",94578,"38,629"
1060,"49,088.00",91352,"46,874"
1061,"49,087.00",90810,"36,736"
1062,"49,063.00",96117,244
1063,"49,056.00",91763,"37,432"
1064,"48,994.00",91401,"40,503"
1065,"48,950.00",96137,"3,606"
1066,"48,940.00",95665,"4,862"
1067,"48,912.00",95370,"26,904"
1068,"48,896.00",91766,"71,851"
1069,"48,891.00",91911,"83,710"
1070,"48,839.00",95556,655
1071,"48,788.00",92316,"31,720"
1072,"48,733.00",92104,"44,590"
1073,"48,681.00",95503,"24,900"
1074,"48,617.00",93643,"2,724"
1075,"48,610.00",92501,"22,216"
1076,"48,510.00",95369,977
1077,"48,500.00",95977,"1,887"
1078,"48,488.00",95301,"38,007"
1079,"48,470.00",93221,"15,391"
1080,"48,461.00",93704,"26,009"
1081,"48,443.00",95988,"8,913"
1082,"48,345.00",92844,"24,314"
1083,"48,302.00",91776,"37,378"
1084,"48,287.00",95247,"4,689"
1085,"48,285.00",95675,309
1086,"48,147.00",92055,"12,725"
1087,"48,142.00",95525,"1,668"
1088,"48,117.00",91932,"26,257"
1089,"48,063.00",93553,"1,975"
1090,"47,882.00",93654,"31,575"
1091,"47,868.00",95386,"10,066"
1092,"47,833.00",93513,"1,584"
1093,"47,796.00",90680,"30,770"
1094,"47,692.00",95338,"11,075"
1095,"47,679.00",96090,397
1096,"47,672.00",92801,"63,883"
1097,"47,656.00",94520,"38,743"
1098,"47,644.00",96113,"2,294"
1099,"47,625.00",96032,"2,339"
1100,"47,622.00",90602,"26,676"
1101,"47,500.00",95979,685
1101,"47,500.00",96150,"28,618"
1103,"47,440.00",96088,"4,099"
1104,"47,436.00",90640,"63,400"
1105,"47,413.00",95116,"52,597"
1106,"47,394.00",92325,"8,318"
1107,"47,369.00",93309,"60,631"
1108,"47,308.00",90010,"3,792"
1109,"47,202.00",91601,"38,781"
1110,"47,177.00",91768,"36,454"
1111,"47,098.00",93960,"27,212"
1112,"47,078.00",91770,"63,119"
1113,"47,031.00",93429,114
1113,"47,031.00",95955,"1,384"
1115,"46,827.00",95635,870
1116,"46,667.00",95652,"1,010"
1117,"46,655.00",92058,"45,685"
1118,"46,615.00",93268,"16,890"
1119,"46,575.00",95237,"2,999"
1120,"46,519.00",92262,"26,693"
1121,"46,518.00",92314,"10,572"
1122,"46,497.00",96003,"44,398"
1123,"46,453.00",95932,"7,808"
1124,"46,441.00",95961,"26,979"
1125,"46,435.00",90026,"67,986"
1126,"46,422.00",96001,"34,469"
1127,"46,394.00",93727,"73,671"
1128,"46,392.00",95953,"10,631"
1129,"46,319.00",95494,188
1130,"46,318.00",96067,"6,994"
1131,"46,250.00",91759,369
1131,"46,250.00",95230,635
1133,"46,187.00",91303,"27,827"
1134,"46,121.00",93653,"1,357"
1135,"46,073.00",92083,"36,604"
1136,"45,953.00",95482,"33,157"
1137,"45,947.00",95321,"3,461"
1138,"45,906.00",95928,"36,081"
1139,"45,889.00",92311,"32,831"
1140,"45,877.00",93040,"2,037"
1141,"45,871.00",95919,"1,529"
1142,"45,769.00",95698,219
1143,"45,766.00",90250,"95,223"
1144,"45,729.00",95551,"1,826"
1145,"45,631.00",95307,"42,470"
1146,"45,625.00",91934,293
1147,"45,591.00",93274,"71,430"
1148,"45,588.00",95389,"1,312"
1149,"45,568.00",92655,"9,139"
1150,"45,551.00",93222,"1,681"
1151,"45,509.00",95257,385
1152,"45,485.00",93656,"7,194"
1153,"45,474.00",90220,"50,222"
1154,"45,439.00",95828,"61,490"
1155,"45,433.00",92025,"49,734"
1156,"45,392.00",95451,"12,035"
1157,"45,332.00",95616,"48,106"
1158,"45,313.00",93276,176
1159,"45,299.00",95453,"10,345"
1160,"45,268.00",96051,"1,110"
1161,"45,208.00",90032,"47,309"
1162,"45,197.00",90805,"94,561"
1163,"45,191.00",93434,"7,178"
1164,"45,147.00",92339,997
1165,"45,056.00",93635,"39,439"
1166,"44,984.00",90802,"38,816"
1167,"44,965.00",92376,"85,647"
1168,"44,902.00",95327,"8,679"
1169,"44,792.00",95303,"1,019"
1170,"44,771.00",95315,"12,381"
1171,"44,724.00",91203,"13,740"
1172,"44,629.00",90804,"40,679"
1173,"44,583.00",96024,"1,163"
1174,"44,554.00",95528,"1,273"
1174,"44,554.00",96093,"4,006"
1176,"44,542.00",95842,"31,671"
1177,"44,531.00",90040,"12,830"
1178,"44,500.00",95917,"3,508"
1179,"44,464.00",95681,"1,475"
1180,"44,423.00",95948,"10,349"
1181,"44,417.00",94929,82
1182,"44,412.00",95468,"1,192"
1183,"44,392.00",95822,"42,907"
1184,"44,348.00",96056,"1,407"
1185,"44,333.00",95550,269
1186,"44,250.00",96118,"1,590"
1187,"44,223.00",93644,"7,434"
1188,"44,111.00",93225,"5,572"
1189,"44,028.00",96035,"3,604"
1190,"44,010.00",92536,"2,750"
1191,"44,000.00",95374,"1,847"
1192,"43,981.00",95642,"6,619"
1193,"43,971.00",96105,165
1194,"43,917.00",92276,"7,921"
1195,"43,913.00",93271,"2,278"
1196,"43,854.00",95471,528
1197,"43,803.00",93458,"56,514"
1198,"43,785.00",90806,"43,140"
1199,"43,784.00",90723,"54,813"
1200,"43,758.00",91411,"24,146"
1201,"43,750.00",93954,246
1201,"43,750.00",96119,71
1203,"43,707.00",91605,"56,060"
1204,"43,703.00",92264,"19,754"
1205,"43,657.00",96002,"33,202"
1206,"43,638.00",92225,"23,509"
1207,"43,594.00",95459,596
1208,"43,564.00",95446,"4,419"
1209,"43,526.00",90280,"95,515"
1210,"43,442.00",93662,"30,700"
1211,"43,430.00",96027,"2,462"
1212,"43,372.00",95204,"29,246"
1213,"43,355.00",95736,250
1214,"43,345.00",92308,"39,953"
1215,"43,333.00",92070,"1,193"
1216,"43,322.00",93609,"5,843"
1217,"43,295.00",92066,273
1217,"43,295.00",95589,"1,226"
1219,"43,264.00",92250,"8,461"
1220,"43,244.00",90019,"67,606"
1221,"43,170.00",92234,"52,534"
1222,"43,165.00",95991,"41,212"
1223,"43,092.00",92335,"99,580"
1224,"43,036.00",92372,"5,929"
1224,"43,036.00",95601,161
1226,"42,984.00",92553,"73,803"
1227,"42,968.00",90247,"47,374"
1228,"42,857.00",96142,731
1229,"42,844.00",93710,"33,114"
1230,"42,835.00",93535,"73,282"
1231,"42,829.00",95457,"3,331"
1232,"42,828.00",92115,"61,718"
1233,"42,807.00",93905,"60,887"
1234,"42,778.00",95945,"25,223"
1235,"42,753.00",90221,"53,657"
1236,"42,711.00",92227,"26,818"
1237,"42,708.00",95039,"1,545"
1238,"42,698.00",92570,"56,766"
1239,"42,677.00",95388,"14,410"
1240,"42,655.00",95540,"13,012"
1241,"42,627.00",96064,"4,762"
1242,"42,619.00",96084,530
1243,"42,614.00",95311,"2,073"
1244,"42,576.00",95645,"2,110"
1245,"42,545.00",95629,"1,002"
1246,"42,517.00",92284,"25,045"
1247,"42,500.00",94971,362
1247,"42,500.00",95568,94
1247,"42,500.00",96132,103
1250,"42,454.00",93930,"16,843"
1251,"42,433.00",96020,"2,246"
1252,"42,404.00",95206,"65,324"
1253,"42,366.00",95333,"3,064"
1254,"42,323.00",92345,"81,049"
1255,"42,319.00",95901,"32,742"
1256,"42,303.00",93630,"18,990"
1257,"42,299.00",95383,"3,728"
1258,"42,273.00",93224,429
1258,"42,273.00",95950,724
1260,"42,250.00",93625,"7,068"
1261,"42,237.00",93549,334
1262,"42,228.00",95832,"11,908"
1263,"42,222.00",93641,233
1264,"42,213.00",95360,"11,756"
1265,"42,212.00",92320,"8,097"
1266,"42,206.00",92243,"48,615"
1267,"42,195.00",91606,"45,467"
1268,"42,084.00",92544,"47,136"
1269,"42,083.00",93450,814
1270,"42,057.00",90262,"70,650"
1271,"41,982.00",95969,"27,443"
1272,"41,964.00",92268,605
1273,"41,888.00",95942,"1,098"
1274,"41,772.00",96094,"6,370"
1275,"41,737.00",93308,"54,132"
1276,"41,615.00",95660,"33,014"
1277,"41,612.00",94103,"24,108"
1278,"41,579.00",93286,"9,942"
1279,"41,578.00",90744,"58,061"
1280,"41,575.00",92102,"44,893"
1281,"41,536.00",92617,"15,805"
1282,"41,522.00",96124,366
1283,"41,488.00",93206,"2,196"
1283,"41,488.00",93405,"34,833"
1285,"41,485.00",91732,"63,849"
1286,"41,458.00",95249,"3,796"
1287,"41,393.00",95553,"1,173"
1288,"41,278.00",92324,"58,013"
1289,"41,202.00",92315,"5,236"
1290,"41,187.00",90302,"30,219"
1291,"41,136.00",95531,"24,202"
1292,"41,103.00",95328,"4,717"
1293,"41,051.00",92507,"55,156"
1294,"41,042.00",95345,448
1294,"41,042.00",96076,88
1296,"41,016.00",96101,"5,260"
1297,"40,962.00",94603,"32,306"
1298,"40,930.00",91733,"43,790"
1299,"40,903.00",95348,"31,387"
1300,"40,897.00",92236,"43,037"
1301,"40,833.00",93263,"20,204"
1302,"40,826.00",94590,"34,859"
1303,"40,807.00",90303,"26,453"
1304,"40,781.00",96028,"1,633"
1305,"40,775.00",95966,"30,916"
1306,"40,753.00",95215,"23,764"
1307,"40,747.00",96055,"4,097"
1308,"40,732.00",95322,"8,727"
1309,"40,730.00",95820,"34,529"
1310,"40,545.00",95954,"12,535"
1311,"40,528.00",90047,"46,999"
1312,"40,500.00",95563,559
1313,"40,461.00",95350,"50,676"
1314,"40,455.00",96019,"10,129"
1315,"40,341.00",94576,87
1316,"40,340.00",96143,"3,855"
1317,"40,208.00",91502,"12,605"
1318,"40,181.00",95562,"3,435"
1319,"40,179.00",93251,229
1320,"40,119.00",92545,"41,078"
1321,"40,109.00",93242,"3,230"
1322,"40,079.00",92230,"3,297"
1323,"40,056.00",90222,"32,362"
1324,"40,024.00",92201,"63,915"
1325,"40,021.00",95240,"47,297"
1326,"39,917.00",92220,"32,793"
1327,"39,880.00",93591,"6,558"
1328,"39,756.00",96021,"16,121"
1329,"39,753.00",91204,"16,292"
1330,"39,743.00",95380,"41,069"
1331,"39,622.00",91963,"1,043"
1332,"39,601.00",94601,"49,990"
1333,"39,551.00",93257,"75,390"
1334,"39,533.00",91950,"61,262"
1335,"39,528.00",92583,"31,167"
1336,"39,485.00",95963,"15,018"
1337,"39,481.00",95838,"35,935"
1338,"39,464.00",92548,"7,020"
1339,"39,409.00",92252,"9,228"
1340,"39,375.00",95646,98
1341,"39,288.00",96080,"27,650"
1342,"39,219.00",95306,952
1343,"39,206.00",90063,"54,353"
1343,"39,206.00",93280,"27,390"
1345,"39,167.00",95717,199
1346,"39,110.00",95246,"1,258"
1347,"39,060.00",92701,"52,588"
1348,"39,055.00",90716,"14,358"
1349,"39,051.00",90022,"69,516"
1349,"39,051.00",93610,"24,151"
1351,"39,013.00",96092,277
1352,"39,009.00",91402,"70,781"
1353,"38,907.00",96007,"22,942"
1354,"38,889.00",96038,599
1355,"38,856.00",94801,"29,269"
1356,"38,853.00",92539,"3,890"
1357,"38,777.00",95821,"34,439"
1358,"38,767.00",92404,"60,501"
1359,"38,750.00",94956,"1,687"
1359,"38,750.00",95456,600
1359,"38,750.00",95641,"1,732"
1359,"38,750.00",96068,135
1363,"38,738.00",90043,"43,118"
1364,"38,733.00",93202,"3,486"
1365,"38,709.00",92395,"42,481"
1366,"38,690.00",95728,495
1367,"38,665.00",93668,"1,215"
1368,"38,636.00",95916,"1,291"
1369,"38,563.00",95207,"48,748"
1370,"38,510.00",95210,"40,820"
1371,"38,502.00",93550,"74,203"
1372,"38,500.00",96057,"1,332"
1373,"38,493.00",90004,"63,547"
1374,"38,491.00",95019,"7,374"
1375,"38,464.00",95841,"19,361"
1376,"38,438.00",96017,234
1377,"38,359.00",93673,910
1378,"38,276.00",95437,"14,351"
1379,"38,269.00",93618,"29,628"
1380,"38,255.00",95605,"14,326"
1381,"38,229.00",92333,640
1382,"38,175.00",95501,"23,769"
1383,"38,162.00",91405,"53,406"
1384,"38,089.00",96013,"3,881"
1385,"38,077.00",94130,"3,083"
1386,"38,050.00",90016,"47,786"
1387,"37,813.00",90301,"36,714"
1388,"37,727.00",96044,"1,040"
1389,"37,703.00",95410,886
1390,"37,692.00",95490,"12,905"
1391,"37,672.00",95811,"7,131"
1392,"37,663.00",95910,115
1393,"37,631.00",95385,515
1394,"37,591.00",92405,"29,526"
1395,"37,500.00",95310,"1,934"
1395,"37,500.00",95951,"2,948"
1397,"37,461.00",95935,594
1398,"37,414.00",91205,"38,138"
1399,"37,382.00",95825,"31,083"
1400,"37,321.00",95449,"1,583"
1401,"37,316.00",92277,"24,112"
1402,"37,296.00",95926,"38,276"
1403,"37,288.00",94606,"37,001"
1404,"37,264.00",95203,"15,711"
1405,"37,235.00",96134,"2,506"
1406,"37,207.00",93612,"34,814"
1407,"37,188.00",92322,911
1408,"37,150.00",92391,"3,001"
1409,"37,121.00",90020,"39,102"
1410,"37,083.00",95462,"1,216"
1411,"37,082.00",90023,"45,886"
1412,"37,013.00",90201,"102,515"
1413,"36,955.00",91731,"29,209"
1414,"36,893.00",92105,"71,334"
1415,"36,890.00",93638,"49,761"
1416,"36,875.00",94108,"13,930"
1416,"36,875.00",96065,387
1416,"36,875.00",96071,77
1419,"36,845.00",94511,"2,158"
1420,"36,838.00",92309,916
1421,"36,778.00",90304,"26,936"
1422,"36,737.00",92637,"16,284"
1423,"36,731.00",95823,"73,641"
1424,"36,678.00",95255,"1,991"
1425,"36,563.00",95567,"1,854"
1426,"36,500.00",92004,"2,624"
1427,"36,450.00",90270,"27,663"
1428,"36,447.00",96059,711
1429,"36,429.00",96040,229
1430,"36,406.00",93244,340
1431,"36,394.00",92586,"19,384"
1432,"36,321.00",93215,"56,028"
1433,"36,310.00",96069,880
1434,"36,254.00",95354,"24,356"
1435,"36,201.00",95445,"1,522"
1436,"36,196.00",95454,"2,135"
1437,"36,180.00",90008,"33,012"
1438,"36,167.00",95231,"4,961"
1439,"36,000.00",95558,360
1440,"35,985.00",90255,"76,206"
1441,"35,750.00",95595,180
1442,"35,745.00",92173,"31,518"
1443,"35,635.00",93725,"26,879"
1444,"35,634.00",95542,"2,718"
1445,"35,607.00",95573,"1,433"
1446,"35,603.00",92327,"1,202"
1447,"35,600.00",93534,"39,120"
1448,"35,476.00",95313,"1,006"
1449,"35,429.00",93203,"21,784"
1450,"35,315.00",92240,"35,878"
1451,"35,253.00",90029,"40,161"
1452,"35,220.00",95965,"20,599"
1453,"35,150.00",93304,"51,607"
1454,"34,961.00",93250,"13,925"
1455,"34,945.00",96122,"4,382"
1456,"34,911.00",95527,553
1457,"34,896.00",92241,"9,156"
1458,"34,869.00",93620,"10,028"
1459,"34,845.00",95817,"14,472"
1460,"34,783.00",92386,"1,949"
1461,"34,769.00",93452,721
1462,"34,750.00",92328,281
1462,"34,750.00",93207,263
1464,"34,733.00",92231,"39,675"
1465,"34,732.00",95351,"48,437"
1466,"34,688.00",96111,69
1467,"34,656.00",90031,"39,333"
1468,"34,643.00",95415,"1,591"
1469,"34,583.00",95552,587
1470,"34,566.00",90061,"28,641"
1471,"34,565.00",93212,"25,204"
1472,"34,537.00",92301,"32,667"
1473,"34,505.00",93247,"18,932"
1473,"34,505.00",93272,"3,438"
1475,"34,500.00",95947,"1,663"
1476,"34,464.00",96050,408
1477,"34,358.00",93307,"84,184"
1478,"34,192.00",94607,"24,830"
1479,"34,191.00",96048,977
1480,"34,063.00",92282,783
1480,"34,063.00",95735,30
1482,"34,050.00",90001,"56,314"
1483,"33,850.00",90038,"28,798"
1484,"33,813.00",93665,612
1485,"33,750.00",92408,"15,318"
1486,"33,678.00",90059,"42,470"
1487,"33,600.00",93624,"1,359"
1488,"33,582.00",92356,"6,293"
1489,"33,375.00",92086,"1,335"
1490,"33,373.00",95814,"10,076"
1491,"33,357.00",95205,"36,928"
1492,"33,333.00",96123,36
1493,"33,309.00",95335,613
1494,"33,173.00",95903,"1,772"
1495,"33,162.00",93267,"6,962"
1496,"33,125.00",92368,"1,064"
1496,"33,125.00",95555,329
1498,"33,100.00",95968,"1,438"
1499,"33,036.00",95317,"1,033"
1500,"33,011.00",93249,"2,698"
1501,"32,898.00",93647,"11,926"
1502,"32,897.00",93501,"5,258"
1503,"32,783.00",93235,"4,044"
1504,"32,782.00",95428,"2,491"
1505,"32,750.00",93254,700
1506,"32,747.00",92411,"26,364"
1507,"32,721.00",96025,"2,102"
1508,"32,711.00",95521,"20,769"
1509,"32,710.00",92363,"5,355"
1510,"32,658.00",93728,"14,711"
1511,"32,635.00",93705,"38,130"
1512,"32,634.00",96052,"1,652"
1513,"32,500.00",96010,187
1513,"32,500.00",96126,133
1515,"32,471.00",93726,"42,618"
1516,"32,431.00",95432,348
1517,"32,361.00",95715,80
1518,"32,328.00",92233,"10,460"
1519,"32,319.00",95365,"4,796"
1520,"32,273.00",93223,"10,759"
1521,"32,233.00",95341,"33,744"
1522,"32,175.00",93648,"16,102"
1523,"32,125.00",93622,"9,747"
1524,"32,104.00",90018,"48,852"
1525,"32,067.00",90062,"32,675"
1526,"32,054.00",92281,"1,960"
1527,"32,045.00",92256,"3,631"
1528,"31,964.00",95543,551
1529,"31,932.00",95569,277
1530,"31,917.00",96091,578
1531,"31,912.00",93545,"2,099"
1532,"31,892.00",95934,504
1533,"31,886.00",93241,"18,474"
1534,"31,818.00",93650,"3,767"
1535,"31,771.00",93252,"3,665"
1536,"31,742.00",90028,"29,994"
1537,"31,544.00",93621,307
1538,"31,438.00",95686,965
1539,"31,403.00",90006,"61,419"
1540,"31,296.00",92266,62
1541,"31,250.00",93616,"2,126"
1541,"31,250.00",96074,199
1541,"31,250.00",96115,212
1544,"31,215.00",90813,"60,017"
1545,"31,214.00",90005,"38,638"
1546,"31,144.00",93285,"2,218"
1547,"31,111.00",93608,725
1548,"31,058.00",96058,752
1549,"30,997.00",94704,"26,334"
1550,"30,963.00",93301,"11,685"
1551,"30,879.00",94612,"14,500"
1552,"30,710.00",96023,"1,339"
1553,"30,708.00",93516,"2,271"
1554,"30,528.00",94621,"32,269"
1555,"30,500.00",96034,285
1556,"30,478.00",93562,"1,781"
1557,"30,214.00",90002,"50,098"
1558,"30,016.00",90003,"66,913"
1559,"29,952.00",96046,255
1560,"29,913.00",95560,"1,374"
1561,"29,889.00",90011,"102,926"
1562,"29,848.00",93283,"2,313"
1563,"29,812.00",93305,"37,871"
1564,"29,721.00",95815,"25,772"
1565,"29,708.00",95485,"2,508"
1566,"29,659.00",96109,731
1567,"29,511.00",92283,"2,334"
1568,"29,492.00",90012,"30,029"
1569,"29,362.00",92285,"2,731"
1570,"29,306.00",96033,526
1571,"29,304.00",93234,"6,896"
1572,"29,302.00",93204,"14,553"
1573,"29,250.00",95960,974
1574,"29,197.00",93706,"39,794"
1575,"29,063.00",95939,512
1576,"29,048.00",96104,548
1577,"29,030.00",93255,598
1578,"29,005.00",93261,"3,248"
1579,"28,958.00",94940,194
1580,"28,953.00",90015,"18,226"
1580,"28,953.00",96097,"9,790"
1582,"28,897.00",95486,54
1583,"28,750.00",96039,"1,206"
1584,"28,556.00",94922,492
1585,"28,472.00",95387,768
1586,"28,447.00",95824,"29,781"
1587,"28,406.00",93703,"34,122"
1588,"28,344.00",90044,"88,412"
1589,"28,285.00",93519,97
1590,"28,261.00",96133,160
1591,"28,185.00",92113,"57,580"
1592,"28,005.00",93518,986
1593,"27,938.00",93201,"1,173"
1594,"27,914.00",93646,"10,716"
1595,"27,890.00",92274,"18,937"
1596,"27,807.00",93270,"5,519"
1597,"27,727.00",96087,525
1598,"27,379.00",95423,"3,040"
1599,"27,361.00",93256,"6,035"
1600,"27,190.00",90033,"48,567"
1601,"27,163.00",92543,"34,680"
1602,"27,120.00",92410,"47,510"
1603,"26,958.00",93626,813
1604,"26,940.00",90057,"45,747"
1605,"26,852.00",92273,"1,228"
1606,"26,827.00",96041,"2,795"
1607,"26,813.00",93554,128
1608,"26,771.00",96110,129
1609,"26,667.00",92242,"1,235"
1609,"26,667.00",95464,"2,208"
1611,"26,638.00",90037,"61,536"
1612,"26,518.00",95585,454
1613,"26,491.00",92254,"12,300"
1614,"26,281.00",95546,"3,434"
1615,"26,250.00",95983,440
1615,"26,250.00",96112,230
1617,"26,223.00",93660,"4,621"
1618,"26,058.00",95548,"1,459"
1619,"26,054.00",93240,"5,667"
1620,"26,031.00",93702,"47,850"
1621,"26,000.00",93512,178
1622,"25,934.00",95422,"15,453"
1623,"25,741.00",93640,"12,140"
1624,"25,707.00",92258,520
1625,"25,662.00",96047,775
1626,"25,486.00",93558,267
1627,"25,327.00",93615,"5,923"
1628,"25,200.00",95914,555
1629,"24,814.00",95319,"1,581"
1630,"24,722.00",95922,595
1631,"24,625.00",96116,162
1632,"24,375.00",93260,175
1633,"24,276.00",93666,683
1634,"24,205.00",96015,814
1635,"24,127.00",94102,"28,013"
1636,"24,122.00",93266,"1,465"
1637,"24,118.00",93218,"1,009"
1638,"24,032.00",91931,331
1639,"24,009.00",93623,58
1640,"23,750.00",95554,325
1641,"23,542.00",96031,165
1642,"23,458.00",93219,"10,378"
1643,"22,917.00",93652,288
1644,"22,904.00",95559,103
1645,"22,893.00",95514,170
1646,"22,646.00",90007,"43,779"
1647,"21,979.00",95526,237
1648,"21,912.00",92259,269
1649,"21,875.00",96054,294
1650,"21,838.00",96086,379
1651,"21,429.00",95248,178
1652,"21,410.00",95427,227
1653,"21,333.00",94950,74
1654,"21,120.00",90013,"10,575"
1655,"21,009.00",90017,"23,719"
1656,"20,980.00",95458,"3,334"
1657,"20,972.00",96075,308
1658,"20,896.00",93258,"2,292"
1659,"20,349.00",93205,"2,065"
1660,"20,179.00",95224,266
1661,"19,922.00",95225,570
1662,"19,375.00",92275,"1,413"
1663,"18,750.00",96011,155
1664,"18,553.00",93701,"10,788"
1665,"18,220.00",92257,"1,757"
1666,"17,981.00",91046,168
1667,"17,134.00",90014,"6,659"
1668,"16,649.00",92401,"2,104"
1669,"16,537.00",95537,130
1670,"16,154.00",93606,604
1671,"15,988.00",90058,"2,748"
1672,"15,529.00",95443,268
1673,"15,023.00",95202,"5,409"
1674,"14,848.00",92341,294
1675,"14,688.00",96037,220
1676,"14,073.00",95679,48
1677,"13,906.00",93528,79
1678,"13,750.00",95511,452
1679,"12,748.00",90021,"2,913"
1680,"12,404.00",96049,90
1681,"12,000.00",92389,115
1682,"11,922.00",93721,"6,308"
1683,"11,250.00",93530,28
1684,"10,625.00",90089,"3,326"
1685,"10,481.00",95915,58
1686,"6,827.00",93669,284